region_name,sub_region_name,country_name,Year,Count,Rate
Africa,Eastern Africa,Burundi,2008,437,5.32130968999535
Africa,Eastern Africa,Burundi,2009,496,5.84283412323503
Africa,Eastern Africa,Burundi,2010,304,3.46757644922453
Africa,Eastern Africa,Burundi,2011,499,5.517770316563
Africa,Eastern Africa,Burundi,2012,455,4.88212616057796
Africa,Eastern Africa,Burundi,2013,431,4.48949634934157
Africa,Eastern Africa,Burundi,2014,549,5.55005716862166
Africa,Eastern Africa,Kenya,2005,12715,35.2721327570397
Africa,Eastern Africa,Kenya,2006,13186,35.5877744956082
Africa,Eastern Africa,Kenya,2007,12089,31.7413981113067
Africa,Eastern Africa,Kenya,2008,11479,29.3217482924469
Africa,Eastern Africa,Kenya,2009,14189,35.2633846029659
Africa,Eastern Africa,Kenya,2010,14078,34.0458240637181
Africa,Eastern Africa,Kenya,2011,14366,33.8128237782058
Africa,Eastern Africa,Kenya,2012,14534,33.2992497542021
Africa,Eastern Africa,Kenya,2013,13674,30.5040401122104
Africa,Eastern Africa,Kenya,2014,13949,30.3079354905294
Africa,Eastern Africa,Kenya,2015,14921,31.5880222436751
Africa,Eastern Africa,Kenya,2016,15705,32.389889914426
Africa,Eastern Africa,Kenya,2017,15968,32.1287726358149
Africa,Eastern Africa,Madagascar,2010,3450,16.3107919764141
Africa,Eastern Africa,Madagascar,2011,3434,15.7928994406674
Africa,Eastern Africa,Madagascar,2012,2115,9.46453847755537
Africa,Eastern Africa,Madagascar,2013,2744,11.9506230220391
Africa,Eastern Africa,Madagascar,2014,2542,10.7758433400943
Africa,Eastern Africa,Madagascar,2015,2189,9.03273108523828
Africa,Eastern Africa,Mauritius,2003,105,8.68490662484677
Africa,Eastern Africa,Mauritius,2004,144,11.8452516581296
Africa,Eastern Africa,Mauritius,2005,122,9.98360887821061
Africa,Eastern Africa,Mauritius,2006,106,8.63123301234918
Africa,Eastern Africa,Mauritius,2007,140,11.3460371128874
Africa,Eastern Africa,Mauritius,2008,148,11.9422929040994
Africa,Eastern Africa,Mauritius,2009,274,22.0252985472949
Africa,Eastern Africa,Mauritius,2010,238,19.0712004839918
Africa,Eastern Africa,Mauritius,2011,230,18.3849537538479
Africa,Eastern Africa,Mozambique,2004,1350,6.6460867718012
Africa,Eastern Africa,Mozambique,2005,1272,6.07941377627662
Africa,Eastern Africa,Mozambique,2006,800,3.71273406989955
Africa,Eastern Africa,Mozambique,2007,724,3.26296814635512
Africa,Eastern Africa,Mozambique,2008,728,3.18644772269221
Africa,Eastern Africa,Mozambique,2009,526,2.23600829499564
Africa,Eastern Africa,Rwanda,2008,2249,23.1660573687994
Africa,Eastern Africa,Rwanda,2009,1985,19.8948708918094
Africa,Eastern Africa,Rwanda,2010,2004,19.557245051695
Africa,Eastern Africa,Rwanda,2011,2526,24.0203779529446
Africa,Eastern Africa,Rwanda,2012,3177,29.447059849643
Africa,Eastern Africa,Rwanda,2013,3299,29.8143242690497
Africa,Eastern Africa,Uganda,2003,19491,73.2061287174899
Africa,Eastern Africa,Uganda,2004,25744,93.3821563181894
Africa,Eastern Africa,Uganda,2005,35092,122.9402808442
Africa,Eastern Africa,Uganda,2006,43782,148.159117382886
Africa,Eastern Africa,Uganda,2007,28839,94.2744062884648
Africa,Eastern Africa,Uganda,2008,21186,66.9090120811412
Africa,Eastern Africa,Uganda,2009,17118,52.2337814154476
Africa,Eastern Africa,Uganda,2010,22979,67.7544151161076
Africa,Eastern Africa,Uganda,2011,19023,54.2063908545501
Africa,Eastern Africa,Uganda,2012,18030,49.6601242367958
Africa,Eastern Africa,Uganda,2013,16702,44.4749477055885
Africa,Eastern Africa,Uganda,2014,8210,21.1416283606627
Africa,Eastern Africa,Uganda,2015,10065,25.0716965829009
Africa,Eastern Africa,Uganda,2016,7019,16.8915040812271
Africa,Eastern Africa,Uganda,2017,5732,13.3728390453305
Africa,Eastern Africa,United Republic of Tanzania,2014,1834,3.51106461088282
Africa,Eastern Africa,United Republic of Tanzania,2015,2361,4.38196340802573
Africa,Eastern Africa,Zimbabwe,2003,78464,621.059361177315
Africa,Eastern Africa,Zimbabwe,2004,95581,748.040835183002
Africa,Eastern Africa,Zimbabwe,2005,92510,714.913224325875
Africa,Eastern Africa,Zimbabwe,2006,77525,590.699655836017
Africa,Eastern Africa,Zimbabwe,2007,63803,478.645428112075
Africa,Eastern Africa,Zimbabwe,2008,51247,377.970403590553
Africa,Middle Africa,Cameroon,2003,2998,18.1544890092675
Africa,Middle Africa,Cameroon,2004,3056,18.0198443535944
Africa,Middle Africa,Cameroon,2005,3140,18.0244357390119
Africa,Middle Africa,Cameroon,2006,3136,17.5199817738557
Africa,Middle Africa,Cameroon,2007,3482,18.9286565236538
Africa,Middle Africa,Cameroon,2009,1486,7.64696701270307
Africa,Middle Africa,Cameroon,2010,4917,24.6213226061748
Africa,Middle Africa,Cameroon,2011,5281,25.7353068381015
Africa,Middle Africa,Cameroon,2012,5764,27.3403628043376
Africa,Middle Africa,Cameroon,2013,5630,25.9977562504863
Africa,Middle Africa,Cameroon,2014,3690,16.591798237978
Africa,Middle Africa,Cameroon,2015,4805,21.0427001712582
Africa,Middle Africa,Cameroon,2016,1850,7.88601208588899
Africa,Middle Africa,Cameroon,2017,4458,18.5333000748316
Africa,Middle Africa,Sao Tome and Principe,2003,1,0.673981613781576
Africa,Middle Africa,Sao Tome and Principe,2004,1,0.658028940112786
Africa,Middle Africa,Sao Tome and Principe,2006,0,0
Africa,Middle Africa,Sao Tome and Principe,2007,4,2.45246810258674
Africa,Middle Africa,Sao Tome and Principe,2008,1,0.599114508756059
Africa,Middle Africa,Sao Tome and Principe,2009,5,2.92717767383045
Africa,Middle Africa,Sao Tome and Principe,2010,0,0
Africa,Middle Africa,Sao Tome and Principe,2011,4,2.23713646532438
Africa,Northern Africa,Algeria,2003,23050,71.1342603151004
Africa,Northern Africa,Algeria,2004,20234,61.6305955792642
Africa,Northern Africa,Algeria,2005,32920,98.8931982598042
Africa,Northern Africa,Algeria,2006,36681,108.594624623811
Africa,Northern Africa,Algeria,2007,36915,107.623668239102
Africa,Northern Africa,Algeria,2008,40398,115.884025901362
Africa,Northern Africa,Algeria,2009,42298,119.264327057985
Africa,Northern Africa,Algeria,2010,41381,114.572833211652
Africa,Northern Africa,Algeria,2011,45548,123.705993428818
Africa,Northern Africa,Algeria,2012,52287,139.187597713423
Africa,Northern Africa,Algeria,2013,54472,142.081489650029
Africa,Northern Africa,Algeria,2014,53853,137.684578138395
Africa,Northern Africa,Algeria,2015,49091,123.122946278858
Africa,Northern Africa,Egypt,2006,65,0.0831637560375608
Africa,Northern Africa,Egypt,2007,71,0.0892663466765693
Africa,Northern Africa,Egypt,2008,120,0.148232547368544
Africa,Northern Africa,Egypt,2009,134,0.162493135574498
Africa,Northern Africa,Egypt,2010,156,0.185476685663839
Africa,Northern Africa,Egypt,2011,339,0.394656141633637
Africa,Northern Africa,Morocco,2003,48662,163.05489453352
Africa,Northern Africa,Morocco,2004,46067,152.644438064056
Africa,Northern Africa,Morocco,2005,32623,106.886816222367
Africa,Northern Africa,Morocco,2006,36161,117.142099479529
Africa,Northern Africa,Morocco,2007,31432,100.660090262946
Africa,Northern Africa,Morocco,2008,30934,97.9021488056327
Africa,Northern Africa,Morocco,2009,31106,97.2369495281588
Africa,Northern Africa,Morocco,2012,29439,88.3157927231135
Africa,Northern Africa,Morocco,2013,67763,200.335440576106
Africa,Northern Africa,Morocco,2015,56275,161.694334810913
Africa,Northern Africa,Morocco,2016,64657,183.388741558756
Africa,Northern Africa,Morocco,2017,117883,329.834918858422
Africa,Southern Africa,Botswana,2009,15133,764.338480778147
Africa,Southern Africa,Botswana,2010,17457,866.409974658364
Africa,Southern Africa,Botswana,2011,16098,784.755713219512
Africa,Southern Africa,Botswana,2014,16847,776.870319790941
Africa,Southern Africa,Eswatini,2003,14725,1354.15747035108
Africa,Southern Africa,Eswatini,2004,14587,1332.08164353689
Africa,Southern Africa,Lesotho,2007,9337,471.021602825423
Africa,Southern Africa,Lesotho,2008,9957,497.867425359888
Africa,Southern Africa,Lesotho,2009,7332,363.112486126993
Africa,Southern Africa,South Africa,2014,182556,334.722104799834
Africa,Southern Africa,South Africa,2015,182933,330.853584813865
Africa,Southern Africa,South Africa,2016,170616,304.795372521109
Africa,Southern Africa,South Africa,2017,167352,295.064971701606
Africa,Western Africa,Benin,2017,5335,47.7362204724409
Africa,Western Africa,Cabo Verde,2010,4090,814.118284021784
Africa,Western Africa,Cabo Verde,2011,4030,793.2024713276
Africa,Western Africa,Cabo Verde,2012,4116,800.810928072937
Africa,Western Africa,Cabo Verde,2013,4013,771.573486943046
Africa,Western Africa,Cabo Verde,2014,4117,782.049893909433
Africa,Western Africa,Cabo Verde,2015,4205,789.059377421831
Africa,Western Africa,Cote d'Ivoire,2007,9821,51.4567240881652
Africa,Western Africa,Cote d'Ivoire,2008,10124,51.9233114640661
Africa,Western Africa,Guinea,2005,286,2.95462328811348
Africa,Western Africa,Guinea,2007,293,2.9019304968828
Africa,Western Africa,Guinea-Bissau,2013,2914,173.298166215184
Africa,Western Africa,Guinea-Bissau,2014,3314,192.033117310563
Africa,Western Africa,Guinea-Bissau,2015,1331,75.1753998529251
Africa,Western Africa,Guinea-Bissau,2016,2000,110.098134871536
Africa,Western Africa,Nigeria,2007,15136,10.3375957156457
Africa,Western Africa,Nigeria,2008,14692,9.77203528441698
Africa,Western Africa,Nigeria,2009,14075,9.11580387585328
Africa,Western Africa,Nigeria,2010,18093,11.4095083940919
Africa,Western Africa,Nigeria,2012,15388,9.19799750006701
Africa,Western Africa,Nigeria,2013,16487,9.594987416087
Africa,Western Africa,Senegal,2005,279,2.4797209487359
Africa,Western Africa,Senegal,2006,252,2.18054138516123
Africa,Western Africa,Senegal,2007,181,1.52439576447058
Africa,Western Africa,Senegal,2008,543,4.44937654237884
Africa,Western Africa,Senegal,2009,291,2.31855568800272
Africa,Western Africa,Senegal,2010,305,2.36137033494838
Africa,Western Africa,Sierra Leone,2007,18620,309.537975505272
Africa,Western Africa,Sierra Leone,2008,19871,322.300098031392
Americas,Caribbean,Bahamas,2009,2601,732.97337511554
Americas,Caribbean,Bahamas,2010,3063,848.871496984746
Americas,Caribbean,Bahamas,2011,3268,891.512625215513
Americas,Caribbean,Bahamas,2012,3132,841.84722569408
Americas,Caribbean,Bahamas,2014,5145,1346.26304069666
Americas,Caribbean,Bahamas,2015,4562,1179.30503208061
Americas,Caribbean,Bahamas,2016,4276,1094.06111083535
Americas,Caribbean,Bahamas,2017,3854,975.696202531646
Americas,Caribbean,Barbados,2004,1610,589.547074052239
Americas,Caribbean,Barbados,2005,1731,631.731074526749
Americas,Caribbean,Barbados,2006,1704,619.54850039449
Americas,Caribbean,Barbados,2007,1549,560.927032409922
Americas,Caribbean,Barbados,2008,1594,574.789322044288
Americas,Caribbean,Barbados,2009,1610,578.159227205803
Americas,Caribbean,Barbados,2010,1511,540.474802284946
Americas,Caribbean,Barbados,2011,1312,467.567827627129
Americas,Caribbean,Barbados,2012,1468,521.334588135021
Americas,Caribbean,Barbados,2013,1250,442.463779914976
Americas,Caribbean,Barbados,2014,1465,516.964553522593
Americas,Caribbean,Barbados,2015,1474,518.61781666825
Americas,Caribbean,Barbados,2016,1559,547.249885038911
Americas,Caribbean,Dominican Republic,2012,5937,58.4640987892604
Americas,Caribbean,Dominican Republic,2013,3833,37.2812921639451
Americas,Caribbean,Dominican Republic,2014,4275,41.0826839226112
Americas,Caribbean,Dominican Republic,2015,3889,36.9382072897348
Americas,Caribbean,Dominican Republic,2016,3142,29.5178940630402
Americas,Caribbean,Grenada,2005,1894,1839.7458935978
Americas,Caribbean,Grenada,2006,1903,1842.93863004678
Americas,Caribbean,Grenada,2007,1312,1266.58042592628
Americas,Caribbean,Grenada,2008,1285,1236.4091215241
Americas,Caribbean,Grenada,2009,1175,1126.60121193526
Americas,Caribbean,Grenada,2010,1152,1100.52829179285
Americas,Caribbean,Grenada,2011,1236,1176.30264097074
Americas,Caribbean,Grenada,2012,1313,1244.77394033049
Americas,Caribbean,Grenada,2013,1394,1316.22430577194
Americas,Caribbean,Grenada,2014,529,497.367431365175
Americas,Caribbean,Grenada,2015,494,462.447225784709
Americas,Caribbean,Grenada,2016,437,407.177505166589
Americas,Caribbean,Grenada,2017,375,347.222222222222
Americas,Caribbean,Jamaica,2010,1407,49.9430287412014
Americas,Caribbean,Jamaica,2012,5684,200.07096112907
Americas,Caribbean,Jamaica,2013,4941,173.258569040612
Americas,Caribbean,Jamaica,2014,3918,136.893113312069
Americas,Caribbean,Jamaica,2015,2933,102.126302345388
Americas,Caribbean,Jamaica,2016,2262,78.5369380885193
Americas,Caribbean,Jamaica,2017,2884,99.7923875432526
Americas,Caribbean,Puerto Rico,2008,3115,83.3826758906019
Americas,Caribbean,Puerto Rico,2009,3440,92.3160073541508
Americas,Caribbean,Puerto Rico,2010,2714,73.0219041497374
Americas,Caribbean,Puerto Rico,2011,2894,78.0688559756395
Americas,Caribbean,Puerto Rico,2012,2733,73.9132880568243
Americas,Caribbean,Puerto Rico,2013,2395,64.9276185823658
Americas,Caribbean,Puerto Rico,2014,2475,67.2423700286493
Americas,Caribbean,Puerto Rico,2015,2960,80.5721055015505
Americas,Caribbean,Puerto Rico,2016,3594,97.9530216871915
Americas,Caribbean,Puerto Rico,2017,3175,86.6775866775867
Americas,Caribbean,St. Kitts and Nevis,2009,148,290.846205243092
Americas,Caribbean,St. Kitts and Nevis,2010,155,301.292642628049
Americas,Caribbean,St. Kitts and Nevis,2011,137,263.431142560474
Americas,Caribbean,St. Vincent and the Grenadines,2004,1529,1408.45070422535
Americas,Caribbean,St. Vincent and the Grenadines,2005,1252,1151.32788935481
Americas,Caribbean,St. Vincent and the Grenadines,2006,1054,967.798213154343
Americas,Caribbean,St. Vincent and the Grenadines,2007,1063,974.809027300155
Americas,Caribbean,St. Vincent and the Grenadines,2008,1029,942.609810836807
Americas,Caribbean,St. Vincent and the Grenadines,2009,1220,1116.67414167117
Americas,Caribbean,St. Vincent and the Grenadines,2010,1309,1197.45689063715
Americas,Caribbean,St. Vincent and the Grenadines,2011,1245,1138.63966855983
Americas,Caribbean,St. Vincent and the Grenadines,2012,1112,1017.12278647739
Americas,Caribbean,St. Vincent and the Grenadines,2016,821,748.262863559143
Americas,Caribbean,Trinidad and Tobago,2004,643,49.8242976749953
Americas,Caribbean,Trinidad and Tobago,2005,801,61.7610456661634
Americas,Caribbean,Trinidad and Tobago,2006,657,50.4165310971006
Americas,Caribbean,Trinidad and Tobago,2007,680,51.9377358202343
Americas,Caribbean,Trinidad and Tobago,2008,771,58.6145972394121
Americas,Caribbean,Trinidad and Tobago,2009,689,52.1330671949081
Americas,Caribbean,Trinidad and Tobago,2010,616,46.382049544462
Americas,Caribbean,Trinidad and Tobago,2011,535,40.0812713329757
Americas,Caribbean,Trinidad and Tobago,2012,579,43.1578099983005
Americas,Caribbean,Trinidad and Tobago,2013,542,40.2003192291033
Americas,Caribbean,Trinidad and Tobago,2014,558,41.1962261894303
Americas,Caribbean,Trinidad and Tobago,2015,600,44.114662831632
Americas,Central America,Belize,2006,142,48.8397128775189
Americas,Central America,Belize,2009,519,165.324006383609
Americas,Central America,Belize,2012,923,274.130459962994
Americas,Central America,Belize,2014,1042,296.280289114969
Americas,Central America,Costa Rica,2006,5931,137.648724910033
Americas,Central America,Costa Rica,2007,6429,147.134583172463
Americas,Central America,Costa Rica,2008,6750,152.387127419117
Americas,Central America,Costa Rica,2009,7437,165.698846079207
Americas,Central America,Costa Rica,2010,7953,174.972718952408
Americas,Central America,Costa Rica,2011,7361,160.005251632767
Americas,Central America,Costa Rica,2012,6477,139.166957806435
Americas,Central America,Costa Rica,2013,8221,174.676998411313
Americas,Central America,Costa Rica,2014,8477,178.179009264173
Americas,Central America,Costa Rica,2015,8517,177.14771586147
Americas,Central America,Costa Rica,2016,7529,155.073713668797
Americas,Central America,Costa Rica,2017,7695,156.848756624541
Americas,Central America,El Salvador,2005,4628,76.7628120334499
Americas,Central America,El Salvador,2006,4614,76.1828904521737
Americas,Central America,El Salvador,2007,2971,48.8372188592868
Americas,Central America,El Salvador,2008,3428,56.1019825373578
Americas,Central America,El Salvador,2009,3901,63.5624012998601
Americas,Central America,El Salvador,2010,3891,63.1181842986095
Americas,Central America,El Salvador,2011,3681,59.4422985001356
Americas,Central America,El Salvador,2012,4228,67.9606625425196
Americas,Central America,El Salvador,2013,4322,69.1434040920033
Americas,Central America,El Salvador,2014,3920,62.4085662762257
Americas,Central America,El Salvador,2015,5887,93.2597309646069
Americas,Central America,Guatemala,2004,6443,50.348032828199
Americas,Central America,Guatemala,2005,6095,46.5408290208298
Americas,Central America,Guatemala,2006,6055,45.1966588360625
Americas,Central America,Guatemala,2007,6238,45.5318961954517
Americas,Central America,Guatemala,2008,6960,49.6916901928737
Americas,Central America,Guatemala,2009,7603,53.1076385590374
Americas,Central America,Guatemala,2010,7452,50.9349801854588
Americas,Central America,Guatemala,2011,6237,41.7220803725005
Americas,Central America,Guatemala,2012,6086,39.8531705993351
Americas,Central America,Guatemala,2013,2786,17.8633096468156
Americas,Central America,Guatemala,2014,2417,15.1787675104542
Americas,Central America,Guatemala,2015,2364,14.5455180884039
Americas,Central America,Guatemala,2016,1849,11.1492323605788
Americas,Central America,Honduras,2011,3645,43.6443316250778
Americas,Central America,Honduras,2012,2027,23.8312292799395
Americas,Central America,Honduras,2013,1734,20.0282173789254
Americas,Central America,Honduras,2014,1497,16.9935667373805
Americas,Central America,Honduras,2015,1328,14.8200573853156
Americas,Central America,Honduras,2016,1347,14.7818741871341
Americas,Central America,Honduras,2017,2053,22.1586616297895
Americas,Central America,Mexico,2004,246338,230.231933966844
Americas,Central America,Mexico,2005,239166,220.485929356959
Americas,Central America,Mexico,2006,245507,223.000905657611
Americas,Central America,Mexico,2007,261295,233.640501809671
Americas,Central America,Mexico,2008,250932,220.770725195831
Americas,Central America,Mexico,2009,244623,211.785218933986
Americas,Central America,Mexico,2010,230687,196.632357941247
Americas,Central America,Mexico,2011,212141,178.134998502855
Americas,Central America,Mexico,2012,211921,175.390192299889
Americas,Central America,Mexico,2013,32202,26.2796305956498
Americas,Central America,Mexico,2014,39937,32.1498032548285
Americas,Central America,Mexico,2015,46211,36.7071662951719
Americas,Central America,Mexico,2016,63654,49.9298878606596
Americas,Central America,Mexico,2017,54866,42.478109055999
Americas,Central America,Nicaragua,2005,19335,359.431512635035
Americas,Central America,Nicaragua,2006,18391,337.436477229964
Americas,Central America,Nicaragua,2010,18345,319.726135263065
Americas,Central America,Panama,2006,6055,178.513254351168
Americas,Central America,Panama,2007,6450,186.75044668101
Americas,Central America,Panama,2008,6739,191.652058375528
Americas,Central America,Panama,2009,6572,183.606960413591
Americas,Central America,Panama,2010,6060,166.336281456359
Americas,Central America,Panama,2011,5784,155.996226315355
Americas,Central America,Panama,2012,5461,144.741313003288
Americas,Central America,Panama,2013,4236,110.356700157511
Americas,Central America,Panama,2014,4063,104.073119114669
Americas,Central America,Panama,2015,2843,71.6256400140178
Americas,Central America,Panama,2016,2511,62.2572870778467
Americas,Central America,Panama,2017,3343,81.5564771895584
Americas,Northern America,Bermuda,2003,522,804.68629566826
Americas,Northern America,Bermuda,2004,435,668.562207023745
Americas,Northern America,Bermuda,2009,702,1091.70645226506
Americas,Northern America,Bermuda,2010,617,964.725748952405
Americas,Northern America,Bermuda,2011,559,879.193469747252
Americas,Northern America,Bermuda,2012,552,873.708035898004
Americas,Northern America,Bermuda,2013,56,89.2131716875627
Americas,Northern America,Bermuda,2014,61,97.7846173575711
Americas,Northern America,Bermuda,2015,58,93.54386078093
Americas,Northern America,Bermuda,2016,46,74.5207183797252
Americas,Northern America,Bermuda,2017,37,60.655737704918
Americas,Northern America,Canada,2003,48135,152.192030013084
Americas,Northern America,Canada,2004,49376,154.544291058582
Americas,Northern America,Canada,2005,53451,165.544577269931
Americas,Northern America,Canada,2006,56709,173.711628037484
Americas,Northern America,Canada,2007,58269,176.466141723127
Americas,Northern America,Canada,2008,58419,174.883372168365
Americas,Northern America,Canada,2009,57002,168.695723870297
Americas,Northern America,Canada,2010,55436,162.242203881053
Americas,Northern America,Canada,2011,53957,156.222214076752
Americas,Northern America,Canada,2012,53339,152.830723620053
Americas,Northern America,Canada,2013,49260,139.722899933755
Americas,Northern America,Canada,2014,48369,135.849935435541
Americas,Northern America,Canada,2015,50708,141.052602122593
Americas,Northern America,Canada,2016,53411,147.21719777793
Americas,Northern America,Canada,2017,55394,151.250546089996
Americas,Northern America,United States of America,2003,859030,296.189027842396
Americas,Northern America,United States of America,2004,847381,289.663963262594
Americas,Northern America,United States of America,2005,862220,292.149716337575
Americas,Northern America,United States of America,2006,874096,293.490837020357
Americas,Northern America,United States of America,2007,866358,288.214207031101
Americas,Northern America,United States of America,2008,843683,278.099907596914
Americas,Northern America,United States of America,2009,812514,265.461205396841
Americas,Northern America,United States of America,2010,781844,253.317935571383
Americas,Northern America,United States of America,2011,752423,241.896697880835
Americas,Northern America,United States of America,2012,762009,243.192739813526
Americas,Northern America,United States of America,2013,726800,230.337724670713
Americas,Northern America,United States of America,2014,731100,230.10915574493
Americas,Northern America,United States of America,2015,764100,238.834120410693
Americas,Northern America,United States of America,2016,803000,249.201162398605
Americas,Northern America,United States of America,2017,810800,249.892898640506
Americas,South America,Argentina,2005,142099,363.002244345504
Americas,South America,Argentina,2006,134291,339.471102450043
Americas,South America,Argentina,2007,137181,343.207984023307
Americas,South America,Argentina,2008,145240,359.661732741963
Americas,South America,Argentina,2014,178611,415.553058099511
Americas,South America,Argentina,2015,181321,417.619377690215
Americas,South America,Argentina,2016,142986,326.181773725505
Americas,South America,Argentina,2017,142120,321.022791443609
Americas,South America,Bolivia (Plurinational State of),2005,6026,66.0353963312768
Americas,South America,Bolivia (Plurinational State of),2006,5405,58.2226170037618
Americas,South America,Bolivia (Plurinational State of),2007,6441,68.2204967799417
Americas,South America,Bolivia (Plurinational State of),2008,6987,72.7823493167345
Americas,South America,Bolivia (Plurinational State of),2009,7229,74.0771254673243
Americas,South America,Bolivia (Plurinational State of),2010,8451,85.2066323850537
Americas,South America,Bolivia (Plurinational State of),2011,6692,66.3998040154021
Americas,South America,Bolivia (Plurinational State of),2012,7426,72.5265855936769
Americas,South America,Bolivia (Plurinational State of),2013,12625,121.391149301595
Americas,South America,Bolivia (Plurinational State of),2014,9513,90.0668130445679
Americas,South America,Bolivia (Plurinational State of),2015,8647,80.6269263350367
Americas,South America,Bolivia (Plurinational State of),2016,8108,74.4634845325346
Americas,South America,Brazil,2006,652778,345.362504553405
Americas,South America,Brazil,2007,649027,339.757329235713
Americas,South America,Brazil,2008,649996,336.822090653177
Americas,South America,Brazil,2009,651879,334.475316773568
Americas,South America,Brazil,2010,715702,363.676610149555
Americas,South America,Brazil,2011,717185,360.962783777442
Americas,South America,Brazil,2012,732913,365.431495716193
Americas,South America,Brazil,2013,661494,326.811160899502
Americas,South America,Chile,2006,20992,128.62909037076
Americas,South America,Chile,2007,21727,131.74516348752
Americas,South America,Chile,2008,23275,139.689599207583
Americas,South America,Chile,2009,23816,141.513901649264
Americas,South America,Chile,2010,22259,130.986502134893
Americas,South America,Chile,2011,22963,133.868839784539
Americas,South America,Chile,2012,19813,114.461529360396
Americas,South America,Chile,2013,14313,81.9619467053222
Americas,South America,Chile,2014,13359,75.843949158495
Americas,South America,Chile,2015,12304,69.2688226512653
Americas,South America,Chile,2016,12007,67.06069858359
Americas,South America,Chile,2017,10969,60.7532539462753
Americas,South America,Colombia,2004,32534,76.1489464404487
Americas,South America,Colombia,2005,30415,70.265806895655
Americas,South America,Colombia,2006,46529,106.144025641918
Americas,South America,Colombia,2007,47957,108.073155049248
Americas,South America,Colombia,2008,36043,80.2711817660435
Americas,South America,Colombia,2009,55124,121.375242889753
Americas,South America,Colombia,2010,53140,115.727792464919
Americas,South America,Colombia,2011,62185,134.000203332945
Americas,South America,Colombia,2012,82181,175.295252549115
Americas,South America,Colombia,2013,167111,352.979462784568
Americas,South America,Colombia,2014,167645,350.781118587202
Americas,South America,Colombia,2015,175106,363.0742916401
Americas,South America,Colombia,2016,179607,369.356193073499
Americas,South America,Colombia,2017,122545,249.755431459667
Americas,South America,Ecuador,2003,7084,53.3048358637705
Americas,South America,Ecuador,2004,7967,58.9726733792526
Americas,South America,Ecuador,2005,7756,56.467917216985
Americas,South America,Ecuador,2006,6575,47.0736310343741
Americas,South America,Ecuador,2009,4078,27.7579719935812
Americas,South America,Ecuador,2010,4505,30.1646703078537
Americas,South America,Ecuador,2011,6309,41.568507819709
Americas,South America,Ecuador,2012,8242,53.4512226140307
Americas,South America,Ecuador,2013,8560,54.6561588073005
Americas,South America,Ecuador,2014,7430,46.7204154759144
Americas,South America,Ecuador,2015,8016,49.6519900933874
Americas,South America,Ecuador,2016,7312,44.6326819395244
Americas,South America,Ecuador,2017,6522,39.2300751879699
Americas,South America,Guyana,2010,11182,1497.81128274369
Americas,South America,Guyana,2012,9867,1310.20022812648
Americas,South America,Guyana,2013,6501,857.560076034091
Americas,South America,Guyana,2015,9269,1206.09383823847
Americas,South America,Guyana,2016,1154,149.294898564854
Americas,South America,Guyana,2017,2102,270.179948586118
Americas,South America,Paraguay,2005,2235,38.564443341672
Americas,South America,Paraguay,2006,995,16.9137260581533
Americas,South America,Paraguay,2007,1048,17.5657403699767
Americas,South America,Paraguay,2008,2115,34.975344449264
Americas,South America,Paraguay,2009,2071,33.7965908688498
Americas,South America,Paraguay,2010,1947,31.3532780117867
Americas,South America,Paraguay,2011,2012,31.9680548248963
Americas,South America,Paraguay,2012,2024,31.7280218785403
Americas,South America,Paraguay,2013,837,12.9451539962943
Americas,South America,Paraguay,2014,779,11.8884397361407
Americas,South America,Paraguay,2015,685,10.3176340113801
Americas,South America,Paraguay,2016,664,9.87424817786662
Americas,South America,Paraguay,2017,214,3.14197621494641
Americas,South America,Peru,2004,15020,55.0723908611511
Americas,South America,Peru,2005,14699,53.2371667063256
Americas,South America,Peru,2006,15827,56.6262315230399
Americas,South America,Peru,2007,54265,191.798428458144
Americas,South America,Peru,2008,54356,189.777382708877
Americas,South America,Peru,2009,55291,190.648713530645
Americas,South America,Peru,2010,19053,64.8642664243996
Americas,South America,Peru,2011,20717,69.6136009996509
Americas,South America,Peru,2012,25022,82.9670354083094
Americas,South America,Peru,2013,26163,85.5959009761132
Americas,South America,Peru,2014,24806,80.0881945171324
Americas,South America,Peru,2015,24778,78.9694993455488
Americas,South America,Peru,2016,22720,71.5280139876054
Americas,South America,Peru,2017,26028,80.9202549354889
Americas,South America,Suriname,2014,433,79.0249813844155
Americas,South America,Suriname,2015,310,56.0367890558343
Americas,South America,Suriname,2016,396,70.9531189808552
Americas,South America,Suriname,2017,360,63.943161634103
Americas,South America,Uruguay,2006,615,18.4626857113523
Americas,South America,Uruguay,2007,656,19.6422417187441
Americas,South America,Uruguay,2008,768,22.9197355635509
Americas,South America,Uruguay,2009,849,25.2471559777623
Americas,South America,Uruguay,2010,519,15.3804437213561
Americas,South America,Uruguay,2011,514,15.1818394482081
Americas,South America,Uruguay,2012,469,13.807206066221
Americas,South America,Uruguay,2013,426,12.499981660825
Americas,South America,Uruguay,2014,470,13.7445146227014
Americas,South America,Uruguay,2015,466,13.5798612406281
Americas,South America,Uruguay,2016,569,16.5209052457271
Americas,South America,Uruguay,2017,429,12.4096037026323
Asia,Central Asia,Kazakhstan,2006,2474,15.7671398656836
Asia,Central Asia,Kazakhstan,2007,1988,12.5494315353706
Asia,Central Asia,Kazakhstan,2008,1945,12.1553565812913
Asia,Central Asia,Kazakhstan,2009,1621,10.015964372084
Asia,Central Asia,Kazakhstan,2010,1591,9.7018252847007
Asia,Central Asia,Kazakhstan,2011,1962,11.7856383406878
Asia,Central Asia,Kazakhstan,2012,1666,9.84564964415305
Asia,Central Asia,Kazakhstan,2013,1361,7.90945355206818
Asia,Central Asia,Kazakhstan,2014,957,5.47239303515901
Asia,Central Asia,Kazakhstan,2015,900,5.07052308868322
Asia,Central Asia,Kazakhstan,2017,2050,11.2612612612613
Asia,Central Asia,Kyrgyzstan,2003,225,4.48898492878176
Asia,Central Asia,Kyrgyzstan,2004,213,4.22792778540547
Asia,Central Asia,Kyrgyzstan,2005,264,5.20158096536614
Asia,Central Asia,Kyrgyzstan,2006,206,4.01815582252235
Asia,Central Asia,Kyrgyzstan,2007,343,6.60921976522818
Asia,Central Asia,Kyrgyzstan,2008,349,6.63208859102133
Asia,Central Asia,Kyrgyzstan,2009,359,6.72186333796499
Asia,Central Asia,Kyrgyzstan,2010,536,9.88503665485933
Asia,Central Asia,Kyrgyzstan,2011,482,8.75313101494007
Asia,Central Asia,Kyrgyzstan,2012,414,7.40064367724041
Asia,Central Asia,Kyrgyzstan,2013,306,5.38371458008434
Asia,Central Asia,Kyrgyzstan,2014,380,6.58058112072838
Asia,Central Asia,Kyrgyzstan,2015,359,6.12063864005206
Asia,Central Asia,Kyrgyzstan,2016,283,4.75417169326528
Asia,Central Asia,Tajikistan,2006,5762,82.3077363701202
Asia,Central Asia,Tajikistan,2007,5730,80.1131370864404
Asia,Central Asia,Tajikistan,2008,7396,101.180235434205
Asia,Central Asia,Tajikistan,2009,9489,126.98019315067
Asia,Central Asia,Tajikistan,2010,5490,71.84331091665
Asia,Central Asia,Tajikistan,2011,3735,47.7869034201733
Asia,Central Asia,Turkmenistan,2005,90,1.89288739149812
Asia,Central Asia,Turkmenistan,2006,83,1.72553405798834
Asia,Central Asia,Uzbekistan,2014,1451,4.7574366341244
Asia,Central Asia,Uzbekistan,2015,1478,4.77143271564802
Asia,Central Asia,Uzbekistan,2016,1505,4.7887268444534
Asia,Central Asia,Uzbekistan,2017,1397,4.37780075835919
Asia,Eastern Asia,Hong Kong Special Administrative Region of China,2003,7754,114.322430240686
Asia,Eastern Asia,Hong Kong Special Administrative Region of China,2004,7811,114.823794500835
Asia,Eastern Asia,Hong Kong Special Administrative Region of China,2005,8091,118.501511696148
Asia,Eastern Asia,Hong Kong Special Administrative Region of China,2006,8690,126.669442024752
Asia,Eastern Asia,Hong Kong Special Administrative Region of China,2007,8660,125.536410850231
Asia,Eastern Asia,Hong Kong Special Administrative Region of China,2008,8410,121.175916452303
Asia,Eastern Asia,Hong Kong Special Administrative Region of China,2009,8136,116.506989846593
Asia,Eastern Asia,Hong Kong Special Administrative Region of China,2010,7602,108.210118941454
Asia,Eastern Asia,Hong Kong Special Administrative Region of China,2011,7362,104.191802361086
Asia,Eastern Asia,Hong Kong Special Administrative Region of China,2012,7332,103.174617693152
Asia,Eastern Asia,Hong Kong Special Administrative Region of China,2013,6623,92.647887249074
Asia,Eastern Asia,Japan,2003,58505,45.682835764314
Asia,Eastern Asia,Japan,2004,59628,46.5067552255286
Asia,Eastern Asia,Japan,2005,60299,46.9853427532794
Asia,Eastern Asia,Japan,2006,64989,50.6014832917467
Asia,Eastern Asia,Japan,2007,62952,48.9878814368449
Asia,Eastern Asia,Japan,2008,60126,46.772277243743
Asia,Eastern Asia,Japan,2009,26574,20.6694334337489
Asia,Eastern Asia,Japan,2010,26647,20.728597241053
Asia,Eastern Asia,Japan,2011,25928,20.176584176047
Asia,Eastern Asia,Japan,2012,28058,21.8475356278816
Asia,Eastern Asia,Japan,2013,27864,21.7156619925725
Asia,Eastern Asia,Japan,2014,26653,20.796194230134
Asia,Eastern Asia,Japan,2015,25183,19.6780685796357
Asia,Eastern Asia,Japan,2016,24365,19.082998519977
Asia,Eastern Asia,Macao Special Administrative Region of China,2008,1998,388.452954031123
Asia,Eastern Asia,Macao Special Administrative Region of China,2009,1879,357.691509633304
Asia,Eastern Asia,Macao Special Administrative Region of China,2010,1836,341.919179691938
Asia,Eastern Asia,Macao Special Administrative Region of China,2011,1728,314.50261084488
Asia,Eastern Asia,Macao Special Administrative Region of China,2012,1754,311.805038300111
Asia,Eastern Asia,Macao Special Administrative Region of China,2013,1700,295.220382015174
Asia,Eastern Asia,Macao Special Administrative Region of China,2014,1783,302.829065475958
Asia,Eastern Asia,Macao Special Administrative Region of China,2015,1620,269.576764479767
Asia,Eastern Asia,Macao Special Administrative Region of China,2016,1713,280.298775914137
Asia,Eastern Asia,Macao Special Administrative Region of China,2017,1743,279.775280898876
Asia,Eastern Asia,Mongolia,2003,2440,98.8139891450403
Asia,Eastern Asia,Mongolia,2004,2846,113.984441083741
Asia,Eastern Asia,Mongolia,2005,2991,118.387648103304
Asia,Eastern Asia,Mongolia,2006,3584,140.108803242518
Asia,Eastern Asia,Mongolia,2007,4614,178.031925360868
Asia,Eastern Asia,Mongolia,2008,5319,202.387171720131
Asia,Eastern Asia,Mongolia,2009,5770,216.243442895429
Asia,Eastern Asia,Mongolia,2010,5821,214.587211767091
Asia,Eastern Asia,Mongolia,2011,5838,211.405619232335
Asia,Eastern Asia,Mongolia,2012,6546,232.603920225312
Asia,Eastern Asia,Mongolia,2013,7564,263.63603727571
Asia,Eastern Asia,Mongolia,2014,8132,278.12206726915
Asia,Eastern Asia,Mongolia,2015,8064,270.887913743161
Asia,Eastern Asia,Mongolia,2016,1892,62.5789679100874
Asia,Eastern Asia,Mongolia,2017,398,12.9388816644993
Asia,Eastern Asia,Republic of Korea,2006,281928,576.58886966776
Asia,Eastern Asia,Republic of Korea,2007,294728,600.720359768572
Asia,Eastern Asia,Republic of Korea,2008,305465,620.624338352366
Asia,Eastern Asia,Republic of Korea,2009,315731,639.400696746696
Asia,Eastern Asia,Republic of Korea,2010,292347,589.970043098425
Asia,Eastern Asia,Republic of Korea,2011,311862,626.925596173049
Asia,Eastern Asia,Republic of Korea,2012,62257,124.633039508696
Asia,Eastern Asia,Republic of Korea,2013,55884,111.3909594249
Asia,Eastern Asia,Republic of Korea,2014,50281,99.7924802264776
Asia,Eastern Asia,Republic of Korea,2015,48005,94.8834263074296
Asia,Eastern Asia,Republic of Korea,2016,50028,98.5262371087898
Asia,Eastern Asia,Republic of Korea,2017,44611,87.5034325840493
Asia,South-Eastern Asia,Brunei Darussalam,2003,470,132.997914479511
Asia,South-Eastern Asia,Brunei Darussalam,2004,537,149.364574728182
Asia,South-Eastern Asia,Brunei Darussalam,2005,530,145.142650578654
Asia,South-Eastern Asia,Brunei Darussalam,2006,451,121.809588116138
Asia,South-Eastern Asia,Indonesia,2008,33330,14.1133562757027
Asia,South-Eastern Asia,Indonesia,2009,35641,14.8913381881021
Asia,South-Eastern Asia,Indonesia,2010,31960,13.1780705377502
Asia,South-Eastern Asia,Indonesia,2011,35800,14.570169163449
Asia,South-Eastern Asia,Indonesia,2012,30901,12.4158625519617
Asia,South-Eastern Asia,Indonesia,2013,35153,13.9478174665281
Asia,South-Eastern Asia,Indonesia,2014,36980,14.49450799251
Asia,South-Eastern Asia,Indonesia,2015,14559,5.63947971714967
Asia,South-Eastern Asia,Indonesia,2016,14468,5.54384117035137
Asia,South-Eastern Asia,Indonesia,2017,12405,4.69902383035785
Asia,South-Eastern Asia,Malaysia,2005,4246,16.5475465456256
Asia,South-Eastern Asia,Malaysia,2006,5716,21.8638880403691
Asia,South-Eastern Asia,Myanmar,2009,2886,5.7951004293314
Asia,South-Eastern Asia,Myanmar,2010,2681,5.34533367722112
Asia,South-Eastern Asia,Myanmar,2011,2228,4.40725304878356
Asia,South-Eastern Asia,Myanmar,2012,2312,4.53453240596131
Asia,South-Eastern Asia,Myanmar,2013,5003,9.7243448536077
Asia,South-Eastern Asia,Myanmar,2014,5190,9.99534282504441
Asia,South-Eastern Asia,Myanmar,2015,4885,9.32186637542497
Asia,South-Eastern Asia,Myanmar,2016,4619,8.73411202811156
Asia,South-Eastern Asia,Singapore,2003,593,13.9552561071895
Asia,South-Eastern Asia,Singapore,2004,549,12.5628140703518
Asia,South-Eastern Asia,Singapore,2005,607,13.5157943301354
Asia,South-Eastern Asia,Singapore,2006,636,13.7904087707
Asia,South-Eastern Asia,Singapore,2007,403,8.51553334708215
Asia,South-Eastern Asia,Singapore,2008,441,9.09070482646339
Asia,South-Eastern Asia,Singapore,2009,406,8.17638763971856
Asia,South-Eastern Asia,Singapore,2010,429,8.45444806446349
Asia,South-Eastern Asia,Singapore,2011,406,7.84386913721497
Asia,South-Eastern Asia,Singapore,2012,452,8.57529124686632
Asia,South-Eastern Asia,Singapore,2013,476,8.87921046657453
Asia,South-Eastern Asia,Singapore,2014,513,9.41570848526029
Asia,South-Eastern Asia,Singapore,2015,473,8.54521430060582
Asia,South-Eastern Asia,Singapore,2016,492,8.7619169193613
Asia,South-Eastern Asia,Singapore,2017,420,7.35680504466632
Asia,South-Eastern Asia,Thailand,2005,28245,43.1712603669488
Asia,South-Eastern Asia,Thailand,2006,25798,39.1922941854605
Asia,South-Eastern Asia,Thailand,2007,26620,40.2141440939857
Asia,South-Eastern Asia,Thailand,2008,18804,28.2572473437827
Asia,South-Eastern Asia,Thailand,2009,18359,27.449891612625
Asia,South-Eastern Asia,Thailand,2010,9112,13.5577467762856
Asia,South-Eastern Asia,Thailand,2011,13322,19.7274905290424
Asia,South-Eastern Asia,Thailand,2012,13654,20.1255884475762
Asia,South-Eastern Asia,Thailand,2013,12491,18.3305520525089
Asia,South-Eastern Asia,Thailand,2014,12675,18.526159053514
Asia,South-Eastern Asia,Thailand,2015,13677,19.920591456736
Asia,Southern Asia,Bangladesh,2005,570,0.397403349779766
Asia,Southern Asia,Bangladesh,2006,570,0.392108293651745
Asia,Southern Asia,Bhutan,2014,521,67.1004368611935
Asia,Southern Asia,Bhutan,2015,439,55.7541028161537
Asia,Southern Asia,Bhutan,2016,400,50.1907247540655
Asia,Southern Asia,Bhutan,2017,980,121.287128712871
Asia,Southern Asia,India,2004,276868,24.5856677014179
Asia,Southern Asia,India,2005,270861,23.6742049715028
Asia,Southern Asia,India,2006,264748,22.7842578795609
Asia,Southern Asia,India,2007,273067,23.1475241762322
Asia,Southern Asia,India,2008,284969,23.8040125712024
Asia,Southern Asia,India,2009,279214,22.9943891924701
Asia,Southern Asia,India,2010,289022,23.479003538651
Asia,Southern Asia,India,2011,302847,24.2814505801933
Asia,Southern Asia,India,2012,332324,26.3109005341077
Asia,Southern Asia,India,2013,334669,26.1754178379214
Asia,Southern Asia,Maldives,2007,1157,344.273514446395
Asia,Southern Asia,Maldives,2008,1495,433.265517860972
Asia,Southern Asia,Maldives,2009,1795,506.345539222739
Asia,Southern Asia,Maldives,2010,1478,405.474731901095
Asia,Southern Asia,Maldives,2011,1249,332.950356008967
Asia,Southern Asia,Maldives,2012,1264,327.289016398112
Asia,Southern Asia,Maldives,2013,1289,324.360777761282
Asia,Southern Asia,Nepal,2005,1047,4.0834176310117
Asia,Southern Asia,Nepal,2006,1047,4.03614131321004
Asia,Southern Asia,Nepal,2016,66,0.227766230183285
Asia,Southern Asia,Pakistan,2010,35573,20.8565678008012
Asia,Southern Asia,Pakistan,2011,36204,20.7848854774569
Asia,Southern Asia,Pakistan,2012,32194,18.0955104242736
Asia,Southern Asia,Pakistan,2013,32223,17.7329480105658
Asia,Southern Asia,Pakistan,2014,33432,18.0181484340048
Asia,Southern Asia,Pakistan,2015,28979,15.3019967793624
Asia,Southern Asia,Pakistan,2016,29694,15.3714054737802
Asia,Southern Asia,Pakistan,2017,27306,13.8597880375198
Asia,Southern Asia,Sri Lanka,2003,22178,115.418400549104
Asia,Southern Asia,Sri Lanka,2004,21172,109.288726133871
Asia,Southern Asia,Sri Lanka,2008,50466,253.015266547918
Asia,Southern Asia,Sri Lanka,2009,59267,295.226630660511
Asia,Southern Asia,Sri Lanka,2010,64616,319.907271647347
Asia,Southern Asia,Sri Lanka,2011,66474,327.216068783009
Asia,Southern Asia,Sri Lanka,2012,66137,323.811216450003
Asia,Southern Asia,Sri Lanka,2013,4098,19.9637233133175
Asia,Southern Asia,Sri Lanka,2014,4037,19.5746962067274
Asia,Southern Asia,Sri Lanka,2015,3792,18.3064240486163
Asia,Southern Asia,Sri Lanka,2016,3563,17.1396629985318
Asia,Western Asia,Armenia,2004,190,6.33204159684758
Asia,Western Asia,Armenia,2005,180,6.03771762198454
Asia,Western Asia,Armenia,2006,178,6.01656244718607
Asia,Western Asia,Armenia,2007,164,5.5914377359314
Asia,Western Asia,Armenia,2008,201,6.9114441135815
Asia,Western Asia,Armenia,2009,166,5.74676035040006
Asia,Western Asia,Armenia,2010,155,5.38697415746855
Asia,Western Asia,Armenia,2011,161,5.59886854169644
Asia,Western Asia,Armenia,2012,157,5.44775327021342
Asia,Western Asia,Armenia,2013,176,6.0825800092552
Asia,Western Asia,Armenia,2014,198,6.81297355327539
Asia,Western Asia,Armenia,2015,163,5.58802859150825
Asia,Western Asia,Armenia,2016,186,6.3670275059696
Asia,Western Asia,Armenia,2017,181,6.17747440273038
Asia,Western Asia,Azerbaijan,2003,155,1.85376563785863
Asia,Western Asia,Azerbaijan,2004,171,2.02393642141055
Asia,Western Asia,Azerbaijan,2005,165,1.93239973831794
Asia,Western Asia,Azerbaijan,2006,160,1.85395579126543
Asia,Western Asia,Azerbaijan,2009,184,2.06176163861644
Asia,Western Asia,Azerbaijan,2010,172,1.90424377331661
Asia,Western Asia,Azerbaijan,2011,153,1.67279313485697
Asia,Western Asia,Azerbaijan,2012,132,1.4247294390225
Asia,Western Asia,Azerbaijan,2013,132,1.40645582402169
Asia,Western Asia,Azerbaijan,2014,160,1.68354224865056
Asia,Western Asia,Azerbaijan,2016,333,3.42806169300417
Asia,Western Asia,Azerbaijan,2017,369,3.75457875457875
Asia,Western Asia,Bahrain,2003,2701,346.855251819995
Asia,Western Asia,Bahrain,2004,3837,462.37383231628
Asia,Western Asia,Bahrain,2005,3528,396.775412520469
Asia,Western Asia,Bahrain,2006,3455,360.491395159086
Asia,Western Asia,Bahrain,2007,2634,254.273856998468
Asia,Western Asia,Bahrain,2008,3654,327.833553145103
Asia,Western Asia,Cyprus,2003,135,13.5874624960873
Asia,Western Asia,Cyprus,2004,172,17.0227927277046
Asia,Western Asia,Cyprus,2005,132,12.8447401762065
Asia,Western Asia,Cyprus,2006,134,12.8167237202167
Asia,Western Asia,Cyprus,2007,142,13.3494780542102
Asia,Western Asia,Cyprus,2008,167,15.4406169589751
Asia,Western Asia,Cyprus,2009,219,19.9439747339893
Asia,Western Asia,Cyprus,2010,173,15.549066292051
Asia,Western Asia,Cyprus,2011,164,14.579916165482
Asia,Western Asia,Cyprus,2012,148,13.0389353180707
Asia,Western Asia,Cyprus,2013,132,11.5395105848783
Asia,Western Asia,Cyprus,2014,134,11.6288252543372
Asia,Western Asia,Cyprus,2015,141,12.14485975271
Asia,Western Asia,Cyprus,2016,145,12.3904470849294
Asia,Western Asia,Cyprus,2017,144,12.2033898305085
Asia,Western Asia,Georgia,2004,371,8.18383135219173
Asia,Western Asia,Georgia,2005,368,8.20229900634051
Asia,Western Asia,Georgia,2006,271,6.1051216338477
Asia,Western Asia,Georgia,2007,157,3.57587401079823
Asia,Western Asia,Georgia,2008,200,4.60774922048403
Asia,Western Asia,Georgia,2009,134,3.12522156421537
Asia,Western Asia,Georgia,2010,126,2.97755420389299
Asia,Western Asia,Georgia,2014,228,5.71092786046099
Asia,Western Asia,Iraq (Central Iraq),2008,13321,53.6239099223414
Asia,Western Asia,Iraq (Central Iraq),2009,17084,66.9194478074853
Asia,Western Asia,Iraq (Central Iraq),2010,25847,98.3010535569365
Asia,Western Asia,Iraq (Central Iraq),2011,28344,104.416310810725
Asia,Western Asia,Iraq (Central Iraq),2012,32954,117.384562331272
Asia,Western Asia,Iraq (Central Iraq),2013,27935,96.152196605486
Asia,Western Asia,Iraq (Central Iraq),2014,25008,83.2322568729009
Asia,Western Asia,Israel,2004,50171,775.58110612635
Asia,Western Asia,Israel,2005,51114,774.106197665596
Asia,Western Asia,Israel,2006,50866,752.989062813878
Asia,Western Asia,Israel,2007,45025,650.397930860642
Asia,Western Asia,Israel,2008,45432,640.120832810842
Asia,Western Asia,Israel,2010,46007,619.542876549682
Asia,Western Asia,Israel,2011,43069,569.03535499937
Asia,Western Asia,Jordan,2005,14677,256.855353352429
Asia,Western Asia,Jordan,2006,15694,264.46556184524
Asia,Western Asia,Kuwait,2004,641,29.0315991519693
Asia,Western Asia,Kuwait,2005,595,26.1352011290407
Asia,Western Asia,Kuwait,2006,632,26.5852507384558
Asia,Western Asia,Kuwait,2007,732,29.2401164811198
Asia,Western Asia,Kuwait,2008,644,24.2804466998952
Asia,Western Asia,Kuwait,2009,686,24.3353971121759
Asia,Western Asia,Lebanon,2008,7950,193.381394082821
Asia,Western Asia,Lebanon,2009,9100,217.53910205596
Asia,Western Asia,Lebanon,2010,9496,218.94607530629
Asia,Western Asia,Lebanon,2011,8956,195.189226321864
Asia,Western Asia,Lebanon,2012,8658,176.104323403854
Asia,Western Asia,Lebanon,2013,8222,155.834743149393
Asia,Western Asia,Lebanon,2014,8514,151.946744040409
Asia,Western Asia,Lebanon,2015,7769,132.769851861384
Asia,Western Asia,Lebanon,2016,7491,127.286492583739
Asia,Western Asia,Oman,2007,1790,67.2234319101745
Asia,Western Asia,Oman,2008,2083,75.4979858746639
Asia,Western Asia,Oman,2014,40,1.00986511988992
Asia,Western Asia,Oman,2015,44,1.04766644205333
Asia,Western Asia,Oman,2016,41,0.933985793028202
Asia,Western Asia,Oman,2017,64,1.38050043140639
Asia,Western Asia,Qatar,2003,291,42.2605164786969
Asia,Western Asia,Qatar,2004,298,39.2696892028121
Asia,Western Asia,Saudi Arabia,2015,437,1.38478944735937
Asia,Western Asia,Saudi Arabia,2017,1845,5.60143299532455
Asia,Western Asia,State of Palestine,2003,5283,153.539919071123
Asia,Western Asia,State of Palestine,2004,5812,165.865639129223
Asia,Western Asia,State of Palestine,2005,6572,183.772024260592
Asia,Western Asia,State of Palestine,2009,263,6.64479694713268
Asia,Western Asia,State of Palestine,2010,286,7.03250616143438
Asia,Western Asia,State of Palestine,2011,340,8.13616104812898
Asia,Western Asia,State of Palestine,2012,347,8.07923705925084
Asia,Western Asia,Syrian Arab Republic,2003,5390,30.9498574411668
Asia,Western Asia,Syrian Arab Republic,2004,6365,35.7450968565767
Asia,Western Asia,Syrian Arab Republic,2005,6157,33.6547194143674
Asia,Western Asia,Syrian Arab Republic,2006,5543,29.3048201961863
Asia,Western Asia,Syrian Arab Republic,2007,653,3.32606556597157
Asia,Western Asia,Syrian Arab Republic,2008,559,2.75024755917989
Asia,Western Asia,Turkey,2003,91997,139.208416670068
Asia,Western Asia,Turkey,2004,97145,144.975540554163
Asia,Western Asia,Turkey,2005,105721,155.693221044022
Asia,Western Asia,Turkey,2006,138937,202.050785588643
Asia,Western Asia,Turkey,2007,121913,175.169199497894
Asia,Western Asia,Turkey,2008,166430,236.271897207542
Asia,Western Asia,Turkey,2009,194059,272.023012317845
Asia,Western Asia,Turkey,2010,220882,305.393922931649
Asia,Western Asia,Turkey,2011,238395,324.746996146477
Asia,Western Asia,Turkey,2012,262330,351.790891621142
Asia,Western Asia,Turkey,2013,74938,98.8793206379224
Asia,Western Asia,Turkey,2014,79405,103.082373935729
Asia,Western Asia,Turkey,2015,87554,111.859401341015
Asia,Western Asia,Turkey,2016,69896,88.0476015748176
Asia,Western Asia,United Arab Emirates,2005,717,15.6565191168937
Asia,Western Asia,United Arab Emirates,2006,758,14.4600414495753
Asia,Western Asia,United Arab Emirates,2012,378,4.24697484498823
Asia,Western Asia,United Arab Emirates,2013,311,3.4531525450678
Asia,Western Asia,United Arab Emirates,2014,316,3.48368022593651
Asia,Western Asia,United Arab Emirates,2015,320,3.49562424311542
Asia,Western Asia,United Arab Emirates,2016,348,3.74754535779065
Asia,Western Asia,United Arab Emirates,2017,223,2.37234042553191
Asia,Western Asia,Yemen,2009,25,0.108814264453222
Europe,Eastern Europe,Belarus,2003,4032,41.3960743954808
Europe,Eastern Europe,Belarus,2004,1970,20.3577549922486
Europe,Eastern Europe,Belarus,2005,1915,19.9032525240494
Europe,Eastern Europe,Belarus,2006,1726,18.0260287081739
Europe,Eastern Europe,Belarus,2007,1657,17.3746841729105
Europe,Eastern Europe,Belarus,2008,1442,15.1672430464449
Europe,Eastern Europe,Belarus,2009,1318,13.8938097595897
Europe,Eastern Europe,Belarus,2010,1158,12.2241245737523
Europe,Eastern Europe,Belarus,2011,1003,10.5930189575962
Europe,Eastern Europe,Belarus,2012,907,9.5758641768716
Europe,Eastern Europe,Belarus,2013,852,8.9883828316824
Europe,Eastern Europe,Belarus,2014,830,8.750796401546
Europe,Eastern Europe,Bulgaria,2003,3806,48.770605292418
Europe,Eastern Europe,Bulgaria,2004,3711,47.9255259797419
Europe,Eastern Europe,Bulgaria,2005,3656,47.5808532876405
Europe,Eastern Europe,Bulgaria,2006,2976,39.0297180614348
Europe,Eastern Europe,Bulgaria,2007,3173,41.9323560922639
Europe,Eastern Europe,Bulgaria,2008,3216,42.8210154785455
Europe,Eastern Europe,Bulgaria,2009,3122,41.8721491195717
Europe,Eastern Europe,Bulgaria,2010,3038,41.0286052299992
Europe,Eastern Europe,Bulgaria,2011,2462,33.4683076740709
Europe,Eastern Europe,Bulgaria,2012,2410,32.9668089893512
Europe,Eastern Europe,Bulgaria,2013,2470,33.9932847435798
Europe,Eastern Europe,Bulgaria,2014,2533,35.0726827002227
Europe,Eastern Europe,Bulgaria,2015,2520,35.110226605861
Europe,Eastern Europe,Bulgaria,2016,2470,34.6422687852962
Europe,Eastern Europe,Bulgaria,2017,2811,39.6753705010586
Europe,Eastern Europe,Czech Republic,2004,23579,230.274106170436
Europe,Eastern Europe,Czech Republic,2005,21684,211.382608370143
Europe,Eastern Europe,Czech Republic,2006,19171,186.157155441759
Europe,Eastern Europe,Czech Republic,2007,19551,188.778425631767
Europe,Eastern Europe,Czech Republic,2008,17875,171.482667443351
Europe,Eastern Europe,Czech Republic,2009,16887,161.030319414466
Europe,Eastern Europe,Czech Republic,2010,18073,171.531030953412
Europe,Eastern Europe,Czech Republic,2011,19409,183.645788537206
Europe,Eastern Europe,Czech Republic,2012,18358,173.405354142983
Europe,Eastern Europe,Czech Republic,2013,18689,176.403166894159
Europe,Eastern Europe,Czech Republic,2014,5199,49.0539910927236
Europe,Eastern Europe,Czech Republic,2015,5229,49.3126873273844
Europe,Eastern Europe,Czech Republic,2016,5050,47.5979671728225
Europe,Eastern Europe,Czech Republic,2017,4767,44.8954605387079
Europe,Eastern Europe,Hungary,2003,11442,112.818474069499
Europe,Eastern Europe,Hungary,2004,12514,123.71626089796
Europe,Eastern Europe,Hungary,2005,12339,122.332254164368
Europe,Eastern Europe,Hungary,2006,11516,114.519868292207
Europe,Eastern Europe,Hungary,2007,11148,111.214342300547
Europe,Eastern Europe,Hungary,2008,12757,127.682347697739
Europe,Eastern Europe,Hungary,2009,12787,128.397173113369
Europe,Eastern Europe,Hungary,2010,14569,146.748940353592
Europe,Eastern Europe,Hungary,2011,14212,143.581603288839
Europe,Eastern Europe,Hungary,2012,13973,141.574948093576
Europe,Eastern Europe,Hungary,2013,13377,135.921680986521
Europe,Eastern Europe,Hungary,2014,13475,137.313156026978
Europe,Eastern Europe,Hungary,2015,12472,127.474403166418
Europe,Eastern Europe,Poland,2009,12559,32.7698437072324
Europe,Eastern Europe,Poland,2010,11011,28.7317916086886
Europe,Eastern Europe,Poland,2011,10703,27.9298943212442
Europe,Eastern Europe,Poland,2012,9721,25.3696727471412
Europe,Eastern Europe,Poland,2013,9118,23.800915340708
Europe,Eastern Europe,Poland,2014,8248,21.5391509584243
Europe,Eastern Europe,Poland,2015,6957,18.1809980685858
Europe,Eastern Europe,Poland,2016,7621,19.9499373586103
Europe,Eastern Europe,Poland,2017,7304,19.1349453773807
Europe,Eastern Europe,Republic of Moldova,2005,395,9.50044724257336
Europe,Eastern Europe,Republic of Moldova,2006,409,9.86795279789033
Europe,Eastern Europe,Republic of Moldova,2007,408,9.88216726585379
Europe,Eastern Europe,Republic of Moldova,2008,385,9.36411573560602
Europe,Eastern Europe,Republic of Moldova,2009,369,9.00870108690345
Europe,Eastern Europe,Republic of Moldova,2010,416,10.1848925236768
Europe,Eastern Europe,Republic of Moldova,2011,360,8.8292251275823
Europe,Eastern Europe,Republic of Moldova,2012,325,7.97799937796153
Europe,Eastern Europe,Republic of Moldova,2013,324,7.95684834148829
Europe,Eastern Europe,Republic of Moldova,2014,320,7.86252570370219
Europe,Eastern Europe,Romania,2003,9641,44.3694414802688
Europe,Eastern Europe,Romania,2004,9201,42.6146547726653
Europe,Eastern Europe,Romania,2005,8898,41.5192596077331
Europe,Eastern Europe,Romania,2006,9459,44.5256765676319
Europe,Eastern Europe,Romania,2007,9586,45.5692594510459
Europe,Eastern Europe,Romania,2008,9457,45.4203056862938
Europe,Eastern Europe,Romania,2009,9072,44.0004840441256
Europe,Eastern Europe,Romania,2010,12301,60.1799959658219
Europe,Eastern Europe,Romania,2011,12299,60.6072044565982
Europe,Eastern Europe,Romania,2012,17219,85.364048989515
Europe,Eastern Europe,Romania,2013,17572,87.5614112097044
Europe,Eastern Europe,Romania,2014,2279,11.4105548683966
Europe,Eastern Europe,Romania,2015,299,1.50427982703901
Europe,Eastern Europe,Romania,2016,304,1.5369861562039
Europe,Eastern Europe,Romania,2017,272,1.38218405406779
Europe,Eastern Europe,Russian Federation,2004,57453,39.88556128311
Europe,Eastern Europe,Russian Federation,2005,57863,40.2894661285408
Europe,Eastern Europe,Russian Federation,2006,51429,35.8833013834569
Europe,Eastern Europe,Russian Federation,2007,47348,33.0757618109802
Europe,Eastern Europe,Russian Federation,2008,45436,31.7549538507274
Europe,Eastern Europe,Russian Federation,2009,43112,30.1287070663566
Europe,Eastern Europe,Russian Federation,2010,30403,21.2379869383761
Europe,Eastern Europe,Russian Federation,2011,29647,20.6939653250474
Europe,Eastern Europe,Russian Federation,2012,29045,20.2516239700215
Europe,Eastern Europe,Russian Federation,2013,30453,21.2072335935728
Europe,Eastern Europe,Russian Federation,2014,29286,20.3712571536425
Europe,Eastern Europe,Russian Federation,2015,27258,18.9439002851134
Europe,Eastern Europe,Russian Federation,2016,25153,17.4834159620114
Europe,Eastern Europe,Russian Federation,2017,23223,16.1282033474547
Europe,Eastern Europe,Slovakia,2003,4076,75.4830750130651
Europe,Eastern Europe,Slovakia,2004,3810,70.5631476275503
Europe,Eastern Europe,Slovakia,2005,3896,72.1620059259528
Europe,Eastern Europe,Slovakia,2006,3200,59.2752745602932
Europe,Eastern Europe,Slovakia,2007,2967,54.9614825040207
Europe,Eastern Europe,Slovakia,2008,2702,50.047639722193
Europe,Eastern Europe,Slovakia,2009,2618,48.4750271213888
Europe,Eastern Europe,Slovakia,2010,2426,44.8902298801657
Europe,Eastern Europe,Slovakia,2011,2227,41.1656743711976
Europe,Eastern Europe,Slovakia,2012,2183,40.2985377704183
Europe,Eastern Europe,Slovakia,2013,2017,37.1788325809704
Europe,Eastern Europe,Slovakia,2014,1988,36.5922728090147
Europe,Eastern Europe,Slovakia,2015,1937,35.611082124634
Europe,Eastern Europe,Slovakia,2016,1665,30.5968536511143
Europe,Eastern Europe,Slovakia,2017,1642,30.1395007342144
Europe,Eastern Europe,Ukraine,2003,5703,11.9859878064905
Europe,Eastern Europe,Ukraine,2004,5538,11.7290833359207
Europe,Eastern Europe,Ukraine,2005,6707,14.3030296981609
Europe,Eastern Europe,Ukraine,2006,6464,13.8663678990666
Europe,Eastern Europe,Ukraine,2007,5716,12.3225892614326
Europe,Eastern Europe,Ukraine,2008,4984,10.7910483663708
Europe,Eastern Europe,Ukraine,2009,5103,11.0949196356466
Europe,Eastern Europe,Ukraine,2010,4029,8.79838382271368
Europe,Eastern Europe,Ukraine,2017,1615,3.65194582004839
Europe,Northern Europe,Denmark,2003,10894,202.228786211464
Europe,Northern Europe,Denmark,2004,11005,203.692149254798
Europe,Northern Europe,Denmark,2005,11117,205.046312025264
Europe,Northern Europe,Denmark,2006,11628,213.581058952817
Europe,Northern Europe,Denmark,2007,11552,211.189959994201
Europe,Northern Europe,Denmark,2008,11203,203.772603380082
Europe,Northern Europe,Denmark,2009,10573,191.316409982761
Europe,Northern Europe,Denmark,2010,1753,31.5580419540135
Europe,Northern Europe,Denmark,2011,1696,30.3786240525264
Europe,Northern Europe,Denmark,2012,9557,170.336466654547
Europe,Northern Europe,Denmark,2013,1503,26.6592548144078
Europe,Northern Europe,Denmark,2014,1533,27.0660889271977
Europe,Northern Europe,Denmark,2015,1460,25.6649372131921
Europe,Northern Europe,Denmark,2016,1733,30.3485863495386
Europe,Northern Europe,Denmark,2017,1904,33.2054412277642
Europe,Northern Europe,Estonia,2005,132,9.73704088376924
Europe,Northern Europe,Estonia,2006,141,10.4498861258863
Europe,Northern Europe,Estonia,2007,145,10.78811254159
Europe,Northern Europe,Estonia,2008,140,10.4500071657192
Europe,Northern Europe,Estonia,2009,106,7.9351414476393
Europe,Northern Europe,Estonia,2010,103,7.73214063187354
Europe,Northern Europe,Estonia,2011,104,7.82867840617141
Europe,Northern Europe,Estonia,2012,99,7.47207030689831
Europe,Northern Europe,Estonia,2013,99,7.4911468264778
Europe,Northern Europe,Estonia,2014,77,5.84059425391718
Europe,Northern Europe,Estonia,2015,98,7.45065273039813
Europe,Northern Europe,Estonia,2017,76,5.80152671755725
Europe,Northern Europe,Finland,2003,28835,551.643998597311
Europe,Northern Europe,Finland,2004,29782,568.121880475413
Europe,Northern Europe,Finland,2005,30467,579.338713011228
Europe,Northern Europe,Finland,2006,30864,584.814602174865
Europe,Northern Europe,Finland,2007,34614,653.33915689917
Europe,Northern Europe,Finland,2008,34778,653.73384697688
Europe,Northern Europe,Finland,2009,32878,615.387955705843
Europe,Northern Europe,Finland,2010,1996,37.1986785896259
Europe,Northern Europe,Finland,2011,2953,54.7943477023299
Europe,Northern Europe,Finland,2012,1874,34.6204863125302
Europe,Northern Europe,Finland,2013,1791,32.9432867798645
Europe,Northern Europe,Finland,2014,1645,30.1297667992682
Europe,Northern Europe,Finland,2015,1563,28.5116689888263
Europe,Northern Europe,Finland,2016,1592,28.9370364984732
Europe,Northern Europe,Finland,2017,1581,28.6257468766974
Europe,Northern Europe,Iceland,2006,56,18.683606469866
Europe,Northern Europe,Iceland,2007,50,16.3826998689384
Europe,Northern Europe,Iceland,2008,77,24.7680806989102
Europe,Northern Europe,Iceland,2009,79,24.9931980536942
Europe,Northern Europe,Iceland,2010,57,17.7942608825953
Europe,Northern Europe,Iceland,2011,60,18.5518431256145
Europe,Northern Europe,Iceland,2012,74,22.7324391907252
Europe,Northern Europe,Iceland,2013,92,28.1320616826031
Europe,Northern Europe,Iceland,2014,101,30.7496521635881
Europe,Northern Europe,Iceland,2015,85,25.7386227717166
Europe,Northern Europe,Iceland,2016,74,22.2331318130278
Europe,Northern Europe,Iceland,2017,103,30.7462686567164
Europe,Northern Europe,Ireland,2003,11792,291.19306431065
Europe,Northern Europe,Ireland,2004,12255,296.821143644237
Europe,Northern Europe,Ireland,2005,12479,296.203848252673
Europe,Northern Europe,Ireland,2006,13737,319.214940848684
Europe,Northern Europe,Ireland,2007,15147,344.400831909793
Europe,Northern Europe,Ireland,2008,16186,360.522978829465
Europe,Northern Europe,Ireland,2009,15580,341.063522752746
Europe,Northern Europe,Ireland,2010,15038,325.010460504248
Europe,Northern Europe,Ireland,2011,14709,315.469185615943
Europe,Northern Europe,Ireland,2012,13566,289.988471857373
Europe,Northern Europe,Ireland,2013,3089,65.9765436193805
Europe,Northern Europe,Ireland,2014,3163,67.4939350415153
Europe,Northern Europe,Ireland,2015,3510,74.6791509214578
Europe,Northern Europe,Ireland,2016,3594,75.8598441044321
Europe,Northern Europe,Ireland,2017,4047,84.9853002939941
Europe,Northern Europe,Latvia,2003,883,38.2951502206417
Europe,Northern Europe,Latvia,2004,872,38.2648303643716
Europe,Northern Europe,Latvia,2005,1100,48.8458394224113
Europe,Northern Europe,Latvia,2006,1549,69.6110007850899
Europe,Northern Europe,Latvia,2007,1256,57.1293935278219
Europe,Northern Europe,Latvia,2008,1346,61.973929510871
Europe,Northern Europe,Latvia,2009,1215,56.635198006441
Europe,Northern Europe,Latvia,2010,1226,57.8616304708974
Europe,Northern Europe,Latvia,2011,1161,55.4840565774892
Europe,Northern Europe,Latvia,2012,1325,64.1219837260825
Europe,Northern Europe,Latvia,2013,458,22.4423554869109
Europe,Northern Europe,Latvia,2014,569,28.2224564449129
Europe,Northern Europe,Latvia,2015,534,26.7983095987631
Europe,Northern Europe,Latvia,2016,657,33.3040642820146
Europe,Northern Europe,Latvia,2017,657,33.6923076923077
Europe,Northern Europe,Lithuania,2003,543,15.9034569370703
Europe,Northern Europe,Lithuania,2004,454,13.4275112551529
Europe,Northern Europe,Lithuania,2005,407,12.1701355041426
Europe,Northern Europe,Lithuania,2006,340,10.2915816980565
Europe,Northern Europe,Lithuania,2007,287,8.8034352415316
Europe,Northern Europe,Lithuania,2008,251,7.80805984644564
Europe,Northern Europe,Lithuania,2009,220,6.9427525868065
Europe,Northern Europe,Lithuania,2010,245,7.84300418432276
Europe,Northern Europe,Lithuania,2011,206,6.68857011033868
Europe,Northern Europe,Lithuania,2012,178,5.86057237378862
Europe,Northern Europe,Lithuania,2013,211,7.03958918158604
Europe,Northern Europe,Lithuania,2014,204,6.88759645167237
Europe,Northern Europe,Lithuania,2015,214,7.29895638566594
Europe,Northern Europe,Lithuania,2016,216,7.4073408531103
Europe,Northern Europe,Lithuania,2017,178,6.15916955017301
Europe,Northern Europe,Norway,2003,2804,61.3552508410089
Europe,Northern Europe,Norway,2004,2884,62.7200038971653
Europe,Northern Europe,Norway,2005,2961,63.9198474040468
Europe,Northern Europe,Norway,2006,3185,68.1564795733854
Europe,Northern Europe,Norway,2007,3312,70.1747248947379
Europe,Northern Europe,Norway,2008,3279,68.7218387692189
Europe,Northern Europe,Norway,2009,3093,64.0746771406908
Europe,Northern Europe,Norway,2010,2925,59.866415002585
Europe,Northern Europe,Norway,2011,2837,57.3409909258943
Europe,Northern Europe,Norway,2012,2781,55.4867541086834
Europe,Northern Europe,Norway,2013,2566,50.5406530222661
Europe,Northern Europe,Norway,2014,2377,46.2423382554091
Europe,Northern Europe,Norway,2015,2239,43.0590503238948
Europe,Northern Europe,Norway,2016,2199,41.8873036096913
Europe,Northern Europe,Norway,2017,2112,39.8114985862394
Europe,Northern Europe,Sweden,2003,65177,728.118951380016
Europe,Northern Europe,Sweden,2004,67089,746.20947409856
Europe,Northern Europe,Sweden,2005,72645,803.717557419974
Europe,Northern Europe,Sweden,2006,77019,846.710253792107
Europe,Northern Europe,Sweden,2007,82262,897.738933694108
Europe,Northern Europe,Sweden,2008,84566,915.524597564765
Europe,Northern Europe,Sweden,2009,86281,926.410090838245
Europe,Northern Europe,Sweden,2010,5594,59.5729490675779
Europe,Northern Europe,Sweden,2011,5684,60.0471672400234
Europe,Northern Europe,Sweden,2012,5338,55.9485591883455
Europe,Northern Europe,Sweden,2013,4659,48.4542934778483
Europe,Northern Europe,Sweden,2014,4570,47.1650599584535
Europe,Northern Europe,Sweden,2015,4646,47.5850777866486
Europe,Northern Europe,Sweden,2016,4959,50.4210006121286
Europe,Northern Europe,Sweden,2017,4685,47.2707093128847
Europe,Northern Europe,United Kingdom (England and Wales),2003,455514,861.683879447566
Europe,Northern Europe,United Kingdom (England and Wales),2004,513173,965.481614227207
Europe,Northern Europe,United Kingdom (England and Wales),2005,541455,1010.64215305164
Europe,Northern Europe,United Kingdom (England and Wales),2006,504718,935.514384999355
Europe,Northern Europe,United Kingdom (England and Wales),2007,450766,828.806058580636
Europe,Northern Europe,United Kingdom (England and Wales),2008,419119,764.233871585355
Europe,Northern Europe,United Kingdom (England and Wales),2009,399713,723.65559726865
Europe,Northern Europe,United Kingdom (England and Wales),2010,366878,658.757475859867
Europe,Northern Europe,United Kingdom (England and Wales),2011,336867,599.71771518031
Europe,Northern Europe,United Kingdom (England and Wales),2012,310953,549.699691322603
Europe,Northern Europe,United Kingdom (England and Wales),2013,321535,564.609305058459
Europe,Northern Europe,United Kingdom (England and Wales),2014,373464,650.536067262612
Europe,Northern Europe,United Kingdom (England and Wales),2015,430527,743.757326219647
Europe,Northern Europe,United Kingdom (England and Wales),2016,466357,800.910631006662
Europe,Northern Europe,United Kingdom (England and Wales),2017,512631,880.38051896632
Europe,Northern Europe,United Kingdom (Northern Ireland),2003,1116,65.4574632065711
Europe,Northern Europe,United Kingdom (Northern Ireland),2004,1089,63.5340324216093
Europe,Northern Europe,United Kingdom (Northern Ireland),2005,1095,63.3778483133679
Europe,Northern Europe,United Kingdom (Northern Ireland),2006,1164,66.7770821513006
Europe,Northern Europe,United Kingdom (Northern Ireland),2007,1148,65.1649587354819
Europe,Northern Europe,United Kingdom (Northern Ireland),2008,1549,87.0639495669847
Europe,Northern Europe,United Kingdom (Northern Ireland),2009,1605,89.4981578992858
Europe,Northern Europe,United Kingdom (Northern Ireland),2010,1451,80.395249865223
Europe,Northern Europe,United Kingdom (Northern Ireland),2011,1446,79.6993691293367
Europe,Northern Europe,United Kingdom (Northern Ireland),2012,1278,70.0798515491595
Europe,Northern Europe,United Kingdom (Northern Ireland),2013,1093,59.7357526404241
Europe,Northern Europe,United Kingdom (Northern Ireland),2014,1172,63.678417471793
Europe,Northern Europe,United Kingdom (Northern Ireland),2015,1206,65.1321193700007
Europe,Northern Europe,United Kingdom (Northern Ireland),2016,1111,59.6481057101234
Europe,Northern Europe,United Kingdom (Northern Ireland),2017,1053,56.5341631978037
Europe,Northern Europe,United Kingdom (Scotland),2003,62330,1229.7523922265
Europe,Northern Europe,United Kingdom (Scotland),2004,80486,1583.03011230651
Europe,Northern Europe,United Kingdom (Scotland),2005,78601,1538.11983875387
Europe,Northern Europe,United Kingdom (Scotland),2006,84692,1649.91915216925
Europe,Northern Europe,United Kingdom (Scotland),2007,79523,1538.16247582205
Europe,Northern Europe,United Kingdom (Scotland),2008,79892,1535.52826308405
Europe,Northern Europe,United Kingdom (Scotland),2009,5621,107.437068751314
Europe,Northern Europe,United Kingdom (Scotland),2010,5493,104.385998251682
Europe,Northern Europe,United Kingdom (Scotland),2011,4693,88.5488405441612
Europe,Northern Europe,United Kingdom (Scotland),2012,3643,68.5599217103282
Europe,Northern Europe,United Kingdom (Scotland),2013,2951,55.3897554291721
Europe,Northern Europe,United Kingdom (Scotland),2014,2903,54.2860348567582
Europe,Northern Europe,United Kingdom (Scotland),2015,3714,69.1233947515355
Europe,Northern Europe,United Kingdom (Scotland),2016,3950,73.0827615952857
Europe,Northern Europe,United Kingdom (Scotland),2017,3944,72.9717498055207
Europe,Southern Europe,Albania,2005,165,5.35857122953878
Europe,Southern Europe,Albania,2006,246,8.05413689609934
Europe,Southern Europe,Albania,2007,219,7.24228622110402
Europe,Southern Europe,Albania,2008,363,12.1337682771152
Europe,Southern Europe,Albania,2009,379,12.7926659882166
Europe,Southern Europe,Albania,2010,178,6.05334081499052
Europe,Southern Europe,Albania,2011,169,5.77450259835533
Europe,Southern Europe,Albania,2012,156,5.34239439952686
Europe,Southern Europe,Albania,2013,163,5.58414623200312
Europe,Southern Europe,Albania,2014,132,4.51934846059693
Europe,Southern Europe,Albania,2015,169,5.7810349215558
Europe,Southern Europe,Albania,2016,118,4.03130781980109
Europe,Southern Europe,Albania,2017,125,4.26621160409556
Europe,Southern Europe,Andorra,2007,83,100.383391991099
Europe,Southern Europe,Andorra,2008,105,125.207188085046
Europe,Southern Europe,Andorra,2009,128,151.547441452961
Europe,Southern Europe,Andorra,2010,98,116.046371182607
Europe,Southern Europe,Andorra,2011,144,171.938245513486
Europe,Southern Europe,Andorra,2012,163,197.741141075566
Europe,Southern Europe,Andorra,2013,90,111.402683566866
Europe,Southern Europe,Andorra,2014,123,155.257942769145
Europe,Southern Europe,Andorra,2015,133,170.482221139795
Europe,Southern Europe,Bosnia and Herzegovina,2005,1369,36.202277913966
Europe,Southern Europe,Bosnia and Herzegovina,2006,1498,39.6352079181514
Europe,Southern Europe,Bosnia and Herzegovina,2007,1566,41.4944356120827
Europe,Southern Europe,Bosnia and Herzegovina,2008,1474,39.1646400161122
Europe,Southern Europe,Bosnia and Herzegovina,2010,505,13.5676680053432
Europe,Southern Europe,Bosnia and Herzegovina,2011,652,17.6748132555678
Europe,Southern Europe,Bosnia and Herzegovina,2012,618,16.9398607532482
Europe,Southern Europe,Bosnia and Herzegovina,2013,577,16.0055522900284
Europe,Southern Europe,Bosnia and Herzegovina,2014,592,16.6012245646525
Europe,Southern Europe,Bosnia and Herzegovina,2015,992,28.0546080683582
Europe,Southern Europe,Bosnia and Herzegovina,2016,1009,28.596477514808
Europe,Southern Europe,Bosnia and Herzegovina,2017,752,21.4428286284574
Europe,Southern Europe,Croatia,2003,1249,28.4578575357273
Europe,Southern Europe,Croatia,2004,1153,26.3006624208471
Europe,Southern Europe,Croatia,2005,1153,26.3358837036612
Europe,Southern Europe,Croatia,2006,1069,24.4583303494475
Europe,Southern Europe,Croatia,2007,1093,25.0557852272191
Europe,Southern Europe,Croatia,2008,1128,25.9165688668486
Europe,Southern Europe,Croatia,2009,1059,24.3948285727712
Europe,Southern Europe,Croatia,2010,986,22.7810800588611
Europe,Southern Europe,Croatia,2011,873,20.2393904906395
Europe,Southern Europe,Croatia,2012,903,21.0169797645819
Europe,Southern Europe,Croatia,2013,823,19.2388341126269
Europe,Southern Europe,Croatia,2014,766,17.9916397594569
Europe,Southern Europe,Croatia,2015,804,18.9800982810263
Europe,Southern Europe,Croatia,2016,790,18.7559372037927
Europe,Southern Europe,Croatia,2017,798,19.0498925757937
Europe,Southern Europe,Greece,2003,7663,68.1545278291133
Europe,Southern Europe,Greece,2004,7606,67.4860582640875
Europe,Southern Europe,Greece,2005,7777,68.8156766305608
Europe,Southern Europe,Greece,2006,7399,65.2539913941283
Europe,Southern Europe,Greece,2007,7788,68.430458513068
Europe,Southern Europe,Greece,2008,8008,70.1247595481717
Europe,Southern Europe,Greece,2009,7869,68.7619562265354
Europe,Southern Europe,Greece,2010,1101,9.61907669968692
Europe,Southern Europe,Greece,2011,1425,12.4750444396101
Europe,Southern Europe,Greece,2012,1692,14.8704674186916
Europe,Southern Europe,Greece,2013,1610,14.220981689382
Europe,Southern Europe,Greece,2014,1459,12.9519350936721
Europe,Southern Europe,Greece,2015,1624,14.4769919235501
Europe,Southern Europe,Greece,2016,1515,13.5331223571666
Europe,Southern Europe,Greece,2017,1510,13.5304659498208
Europe,Southern Europe,Holy See,2009,0,0
Europe,Southern Europe,Holy See,2010,0,0
Europe,Southern Europe,Holy See,2011,0,0
Europe,Southern Europe,Holy See,2012,0,0
Europe,Southern Europe,Holy See,2013,0,0
Europe,Southern Europe,Holy See,2014,0,0
Europe,Southern Europe,Holy See,2015,0,0
Europe,Southern Europe,Italy,2004,51823,88.5943452248258
Europe,Southern Europe,Italy,2005,56629,96.2939309282982
Europe,Southern Europe,Italy,2006,59143,100.106857041271
Europe,Southern Europe,Italy,2007,63602,107.230205947512
Europe,Southern Europe,Italy,2008,65791,110.568677205124
Europe,Southern Europe,Italy,2009,65611,110.008319158025
Europe,Southern Europe,Italy,2010,64866,108.599045029561
Europe,Southern Europe,Italy,2011,68500,114.625303520692
Europe,Southern Europe,Italy,2012,69527,116.394671736624
Europe,Southern Europe,Italy,2013,66317,111.143326406114
Europe,Southern Europe,Italy,2014,67004,112.44985958704
Europe,Southern Europe,Italy,2015,64955,109.160339775611
Europe,Southern Europe,Italy,2016,64015,107.715345919534
Europe,Southern Europe,Italy,2017,65775,110.806940700809
Europe,Southern Europe,Kosovo under UNSCR 1244,2008,3376,193.20320731059
Europe,Southern Europe,Kosovo under UNSCR 1244,2009,3539,200.911282255656
Europe,Southern Europe,Kosovo under UNSCR 1244,2010,3760,211.749864840512
Europe,Southern Europe,Kosovo under UNSCR 1244,2011,3743,208.989391401452
Europe,Southern Europe,Kosovo under UNSCR 1244,2012,3805,210.779968978507
Europe,Southern Europe,Kosovo under UNSCR 1244,2013,653,35.7984759607478
Europe,Southern Europe,Kosovo under UNSCR 1244,2014,818,44.900647711055
Europe,Southern Europe,Kosovo under UNSCR 1244,2015,393,21.8115218115218
Europe,Southern Europe,Kosovo under UNSCR 1244,2016,363,19.9867855963
Europe,Southern Europe,Kosovo under UNSCR 1244,2017,331,18.0775532495904
Europe,Southern Europe,Malta,2008,196,47.558040220514
Europe,Southern Europe,Malta,2009,173,41.7828979941794
Europe,Southern Europe,Malta,2010,180,43.2577924106606
Europe,Southern Europe,Malta,2011,181,43.2634505111541
Europe,Southern Europe,Malta,2012,174,41.3508908265188
Europe,Southern Europe,Malta,2013,218,51.5066887814652
Europe,Southern Europe,Malta,2014,160,37.5966351011584
Europe,Southern Europe,Malta,2015,183,42.795405223378
Europe,Southern Europe,Montenegro,2003,141,22.9605420642016
Europe,Southern Europe,Montenegro,2004,150,24.3844947126287
Europe,Southern Europe,Montenegro,2005,155,25.1464986339773
Europe,Southern Europe,Montenegro,2006,164,26.544432790791
Europe,Southern Europe,Montenegro,2008,196,31.5515812010528
Europe,Southern Europe,Montenegro,2009,186,29.8626318932909
Europe,Southern Europe,Montenegro,2010,193,30.915367180054
Europe,Southern Europe,Montenegro,2011,161,25.7408076538133
Europe,Southern Europe,Montenegro,2012,168,26.8205228086196
Europe,Southern Europe,Montenegro,2013,173,27.5875706034502
Europe,Southern Europe,Montenegro,2014,129,20.552070023611
Europe,Southern Europe,Montenegro,2015,140,22.2866767062839
Europe,Southern Europe,Montenegro,2016,128,20.3685368484336
Europe,Southern Europe,Montenegro,2017,147,23.3704292527822
Europe,Southern Europe,North Macedonia,2006,441,21.375133594585
Europe,Southern Europe,North Macedonia,2007,349,16.8969787814615
Europe,Southern Europe,North Macedonia,2008,213,10.3029054193283
Europe,Southern Europe,North Macedonia,2009,228,11.0193210261694
Europe,Southern Europe,North Macedonia,2010,248,11.9764006955971
Europe,Southern Europe,North Macedonia,2011,239,11.5326172816511
Europe,Southern Europe,North Macedonia,2012,211,10.1734010402905
Europe,Southern Europe,North Macedonia,2013,216,10.4059325377613
Europe,Southern Europe,North Macedonia,2014,213,10.2527322568767
Europe,Southern Europe,North Macedonia,2015,154,7.40631017627018
Europe,Southern Europe,North Macedonia,2016,173,8.31308081044946
Europe,Southern Europe,North Macedonia,2017,148,7.1051368218915
Europe,Southern Europe,Portugal,2003,44304,422.461358049637
Europe,Southern Europe,Portugal,2004,41716,396.228515459523
Europe,Southern Europe,Portugal,2005,39220,371.200342844498
Europe,Southern Europe,Portugal,2006,39998,377.341366955376
Europe,Southern Europe,Portugal,2007,37389,351.72697956373
Europe,Southern Europe,Portugal,2008,33494,314.435680704808
Europe,Southern Europe,Portugal,2009,33205,311.473558375989
Europe,Southern Europe,Portugal,2010,863,8.10152078593952
Europe,Southern Europe,Portugal,2011,812,7.64211558605709
Europe,Southern Europe,Portugal,2012,701,6.62456868246023
Europe,Southern Europe,Portugal,2013,580,5.50928913642273
Europe,Southern Europe,Portugal,2014,542,5.17611788866342
Europe,Southern Europe,Portugal,2015,469,4.501619383186
Europe,Southern Europe,Portugal,2016,521,5.02001531172118
Europe,Southern Europe,Portugal,2017,584,5.65343659244918
Europe,Southern Europe,Serbia,2005,1614,17.5149479337245
Europe,Southern Europe,Serbia,2006,1657,18.0633140414523
Europe,Southern Europe,Serbia,2007,1681,18.4013204288372
Europe,Southern Europe,Serbia,2008,1582,17.3854712847402
Europe,Southern Europe,Serbia,2009,1442,15.9077640920506
Europe,Southern Europe,Serbia,2010,1391,15.4046926835794
Europe,Southern Europe,Serbia,2011,1309,14.5545582452518
Europe,Southern Europe,Serbia,2012,1323,14.7705968884169
Europe,Southern Europe,Serbia,2013,1750,19.6183612166299
Europe,Southern Europe,Serbia,2014,1506,16.9504650235146
Europe,Southern Europe,Serbia,2015,1422,16.0654730163321
Europe,Southern Europe,Serbia,2016,1339,15.1782958938391
Europe,Southern Europe,Serbia,2017,1284,14.6058468888636
Europe,Southern Europe,Slovenia,2003,2400,120.665773404761
Europe,Southern Europe,Slovenia,2004,2379,119.461894216719
Europe,Southern Europe,Slovenia,2005,2304,115.414613473754
Europe,Southern Europe,Slovenia,2006,2431,121.320037868221
Europe,Southern Europe,Slovenia,2007,2482,123.265553833325
Europe,Southern Europe,Slovenia,2008,2135,105.45615839268
Europe,Southern Europe,Slovenia,2009,2177,106.955602370808
Europe,Southern Europe,Slovenia,2010,2182,106.690501709395
Europe,Southern Europe,Slovenia,2011,1974,96.1315570585107
Europe,Southern Europe,Slovenia,2012,2032,98.6221055237115
Europe,Southern Europe,Slovenia,2013,1849,89.4914571716344
Europe,Southern Europe,Slovenia,2014,1657,80.0156457871062
Europe,Southern Europe,Slovenia,2015,1540,74.2244508836566
Europe,Southern Europe,Slovenia,2016,1491,71.8125003070454
Europe,Southern Europe,Slovenia,2017,1398,67.2115384615385
Europe,Southern Europe,Spain,2005,172824,392.401616688122
Europe,Southern Europe,Spain,2006,180706,404.03320412153
Europe,Southern Europe,Spain,2007,70536,155.38666045966
Europe,Southern Europe,Spain,2008,72803,158.27494033085
Europe,Southern Europe,Spain,2009,80910,174.089583130003
Europe,Southern Europe,Spain,2010,25077,53.5963544989456
Europe,Southern Europe,Spain,2011,18290,38.9902709361234
Europe,Southern Europe,Spain,2012,17353,37.0336350686436
Europe,Southern Europe,Spain,2013,16701,35.7641866159454
Europe,Southern Europe,Spain,2014,16776,36.0604926371443
Europe,Southern Europe,Spain,2015,29056,62.6238424417229
Europe,Southern Europe,Spain,2016,17331,37.343265910901
Europe,Southern Europe,Spain,2017,18089,39.0236009837339
Europe,Western Europe,Austria,2004,3584,43.6179269192831
Europe,Western Europe,Austria,2005,3611,43.7503407583312
Europe,Western Europe,Austria,2006,3577,43.1757925872101
Europe,Western Europe,Austria,2007,3878,46.656655978627
Europe,Western Europe,Austria,2008,3945,47.3109340545542
Europe,Western Europe,Austria,2009,4023,48.0642979159712
Europe,Western Europe,Austria,2010,3606,42.8777867737367
Europe,Western Europe,Austria,2011,3897,46.0645703051491
Europe,Western Europe,Austria,2012,4030,47.3140861665822
Europe,Western Europe,Austria,2013,3327,38.7862503383742
Europe,Western Europe,Austria,2014,3230,37.4136185571548
Europe,Western Europe,Austria,2015,3072,35.3971818450712
Europe,Western Europe,Austria,2016,3292,37.8418085496922
Europe,Western Europe,Belgium,2003,61959,594.671366783402
Europe,Western Europe,Belgium,2004,64811,618.418668417538
Europe,Western Europe,Belgium,2005,67418,639.221851833802
Europe,Western Europe,Belgium,2006,70886,667.503675055678
Europe,Western Europe,Belgium,2007,74289,694.430228172336
Europe,Western Europe,Belgium,2008,76314,707.976391138727
Europe,Western Europe,Belgium,2009,77665,715.128233223975
Europe,Western Europe,Belgium,2010,77758,710.849760653399
Europe,Western Europe,Belgium,2011,78778,715.312869248329
Europe,Western Europe,Belgium,2012,72312,652.426343545164
Europe,Western Europe,Belgium,2013,69746,625.439850667784
Europe,Western Europe,Belgium,2014,70411,627.595949465383
Europe,Western Europe,Belgium,2015,69033,611.564200376685
Europe,Western Europe,Belgium,2016,69763,614.417247923309
Europe,Western Europe,Belgium,2017,69363,606.903491119083
Europe,Western Europe,France,2003,135003,222.960831920715
Europe,Western Europe,France,2004,137679,226.123620256915
Europe,Western Europe,France,2005,148651,242.759321225661
Europe,Western Europe,France,2006,164359,266.847384512795
Europe,Western Europe,France,2007,175886,283.865886497867
Europe,Western Europe,France,2008,187937,301.521427222493
Europe,Western Europe,France,2009,220126,351.148037900558
Europe,Western Europe,France,2010,231909.06,367.953443252816
Europe,Western Europe,France,2011,231306.5,365.161727447125
Europe,Western Europe,France,2012,231733.31,364.132263431764
Europe,Western Europe,France,2013,233304.05,364.994294344907
Europe,Western Europe,France,2014,237915.5,370.63893959116
Europe,Western Europe,France,2015,242185,375.729935899637
Europe,Western Europe,France,2016,242910,375.382522068617
Europe,Western Europe,Germany,2003,445727,545.655680293297
Europe,Western Europe,Germany,2004,474575,580.763841113978
Europe,Western Europe,Germany,2005,494329,605.266965845037
Europe,Western Europe,Germany,2006,510775,626.407638926949
Europe,Western Europe,Germany,2007,523283,643.292756874633
Europe,Western Europe,Germany,2008,518499,639.08907555667
Europe,Western Europe,Germany,2009,149301,184.400508205879
Europe,Western Europe,Germany,2010,142903,176.652920209875
Europe,Western Europe,Germany,2011,139091,171.857358306116
Europe,Western Europe,Germany,2012,136077,167.859049763608
Europe,Western Europe,Germany,2013,127869,157.347912737835
Europe,Western Europe,Germany,2014,125752,154.316510830945
Europe,Western Europe,Germany,2015,127395,155.915368117475
Europe,Western Europe,Germany,2016,140033,171.034074287359
Europe,Western Europe,Germany,2017,137058,166.911854251407
Europe,Western Europe,Liechtenstein,2003,61,177.733749016637
Europe,Western Europe,Liechtenstein,2004,70,202.335530119089
Europe,Western Europe,Liechtenstein,2005,71,203.718581430047
Europe,Western Europe,Liechtenstein,2006,77,219.404473571734
Europe,Western Europe,Liechtenstein,2007,68,192.51458014835
Europe,Western Europe,Liechtenstein,2008,88,247.60136180749
Europe,Western Europe,Liechtenstein,2009,90,251.635631605435
Europe,Western Europe,Liechtenstein,2010,77,213.871066300031
Europe,Western Europe,Liechtenstein,2011,78,215.089344804765
Europe,Western Europe,Liechtenstein,2012,69,188.808318511424
Europe,Western Europe,Liechtenstein,2013,103,279.632947819949
Europe,Western Europe,Liechtenstein,2014,120,323.214910981227
Europe,Western Europe,Liechtenstein,2015,123,328.850626955057
Europe,Western Europe,Liechtenstein,2016,71,188.57200529064
Europe,Western Europe,Luxembourg,2006,1811,388.99891312286
Europe,Western Europe,Luxembourg,2007,2030,427.618690517819
Europe,Western Europe,Luxembourg,2008,2317,477.628554642809
Europe,Western Europe,Luxembourg,2009,2350,473.523965350136
Europe,Western Europe,Luxembourg,2010,2475,487.311203826033
Europe,Western Europe,Luxembourg,2011,2744,527.752187267402
Europe,Western Europe,Luxembourg,2012,2994,562.372860344073
Europe,Western Europe,Luxembourg,2013,3018,554.045098316386
Europe,Western Europe,Luxembourg,2014,728,130.860877630699
Europe,Western Europe,Luxembourg,2015,608,107.280045029387
Europe,Western Europe,Luxembourg,2016,569,99.0973261138
Europe,Western Europe,Luxembourg,2017,585,100.343053173242
Europe,Western Europe,Monaco,2003,94,285.427990161844
Europe,Western Europe,Monaco,2004,129,387.224590262352
Europe,Western Europe,Monaco,2005,155,458.674873494511
Europe,Western Europe,Monaco,2006,140,406.882120437108
Europe,Western Europe,Monaco,2014,154,403.860274834784
Europe,Western Europe,Monaco,2015,197,514.266322082126
Europe,Western Europe,Netherlands,2003,53500,330.227528001288
Europe,Western Europe,Netherlands,2004,55300,339.530804039643
Europe,Western Europe,Netherlands,2005,67060,409.722934183198
Europe,Western Europe,Netherlands,2006,69185,420.827650624183
Europe,Western Europe,Netherlands,2007,71570,433.572164533761
Europe,Western Europe,Netherlands,2008,69005,416.47720338802
Europe,Western Europe,Netherlands,2009,65690,395.082049441971
Europe,Western Europe,Netherlands,2010,60280,361.327698267635
Europe,Western Europe,Netherlands,2011,59425,355.051639475218
Europe,Western Europe,Netherlands,2012,57300,341.292964272345
Europe,Western Europe,Netherlands,2013,5581,33.1419225486156
Europe,Western Europe,Netherlands,2014,5340,31.6175465778565
Europe,Western Europe,Netherlands,2015,5105,30.1384437900903
Europe,Western Europe,Netherlands,2016,5020,29.551933814971
Europe,Western Europe,Netherlands,2017,4789,28.1110589340221
Europe,Western Europe,Switzerland,2003,6732,92.3217057628245
Europe,Western Europe,Switzerland,2004,8198,111.579207831178
Europe,Western Europe,Switzerland,2005,8099,109.293702771869
Europe,Western Europe,Switzerland,2006,9272,123.93390708459
Europe,Western Europe,Switzerland,2007,9644,127.560097021861
Europe,Western Europe,Switzerland,2008,8893,116.307462366826
Europe,Western Europe,Switzerland,2009,524,6.77250996844967
Europe,Western Europe,Switzerland,2010,487,6.21810269726484
Europe,Western Europe,Switzerland,2011,487,6.14090979533117
Europe,Western Europe,Switzerland,2012,597,7.43307431704739
Europe,Western Europe,Switzerland,2013,568,6.98417273334699
Europe,Western Europe,Switzerland,2014,609,7.40009057516445
Europe,Western Europe,Switzerland,2015,616,7.40405172307068
Europe,Western Europe,Switzerland,2016,573,6.82961809657614
Europe,Western Europe,Switzerland,2017,586,6.91363850873053
Oceania,Australia and New Zealand,Australia,2008,68019,318.702224711987
Oceania,Australia and New Zealand,Australia,2009,71972,331.072577261921
Oceania,Australia and New Zealand,Australia,2010,68665,310.419535856677
Oceania,Australia and New Zealand,Australia,2011,66103,294.055120332704
Oceania,Australia and New Zealand,Australia,2012,63709,279.157924495951
Oceania,Australia and New Zealand,Australia,2013,66211,285.999633100107
Oceania,Australia and New Zealand,Australia,2014,67081,285.759099979604
Oceania,Australia and New Zealand,Australia,2015,68002,285.728019463893
Oceania,Australia and New Zealand,Australia,2016,70986,294.312358325433
Oceania,Australia and New Zealand,Australia,2017,72964,298.409063024007
Oceania,Australia and New Zealand,New Zealand,2005,9683,234.151602462183
Oceania,Australia and New Zealand,New Zealand,2006,10140,242.240827995395
Oceania,Australia and New Zealand,New Zealand,2007,11569,273.29523562944
Oceania,Australia and New Zealand,New Zealand,2008,11948,279.268171539095
Oceania,Australia and New Zealand,New Zealand,2009,11941,276.189423247281
Oceania,Australia and New Zealand,New Zealand,2010,11260,257.662248270162
Oceania,Australia and New Zealand,New Zealand,2011,10806,244.57010681553
Oceania,Australia and New Zealand,New Zealand,2012,10165,227.519801385174
Oceania,Australia and New Zealand,New Zealand,2013,8951,198.139380240561
Oceania,Australia and New Zealand,New Zealand,2014,9900,216.786738782929
Oceania,Australia and New Zealand,New Zealand,2015,21188,459.158155149861
Oceania,Australia and New Zealand,New Zealand,2016,23758,509.991851893798
Oceania,Australia and New Zealand,New Zealand,2017,24527,521.185720356991
Oceania,Melanesia,Solomon Islands,2004,1207,263.350817325735
Oceania,Melanesia,Solomon Islands,2005,1213,258.148270321462
Oceania,Melanesia,Solomon Islands,2006,1168,242.614587617516
Oceania,Melanesia,Solomon Islands,2007,1184,240.191504037002
Oceania,Melanesia,Solomon Islands,2008,1097,217.452926496153
